work_hours_per_day,sleep_hours,stress_level,exercise_days_per_week,screen_time_hours,caffeine_intake,mood_score,burnout_risk
8.993428306022466,8.167541614249956,6,7,6.465742615480502,0,6,0
7.72347139765763,6.1732214255072,10,1,7.441544169676434,3,3,1
9.295377076201385,5.772701674866539,9,7,4.082047512931105,3,5,2
11.046059712816051,6.994938313883572,7,4,7.745836694666574,4,4,0
7.531693250553328,6.744723066212607,10,2,8.8997070395467,4,3,1
7.531726086101639,6.320157926009087,5,6,3.1477552624776477,4,8,0
11.158425631014783,8.044581171185072,8,5,6.556597958255663,0,10,1
9.534869458305817,8.432957812855767,2,6,5.390155575285346,2,3,0
7.061051228130096,7.132610329437771,7,5,7.39846116144028,5,6,0
9.08512008717193,9.0,4,1,3.5666815749462977,4,7,1
7.0731646143750755,5.287466328799742,9,3,9.257876451287151,4,7,1
7.068540492859486,6.709510811080423,1,5,2.7842103871418615,0,2,0
8.48392454313207,5.924766519095792,7,3,5.511438120446932,5,3,0
4.173439510684404,4.20019507439041,6,6,6.86859215199072,0,10,0
4.5501643349739345,6.875978971235951,8,5,4.62732630613035,5,10,0
6.875424941518054,6.8173787374250745,5,1,4.313196903085925,0,4,0
5.974337759331153,9.0,1,0,6.444471273261048,2,7,0
8.628494665190548,7.946217526832166,1,1,6.15551983998216,4,2,0
6.183951848957578,5.463719763506193,9,1,6.011876338830299,1,3,1
5.175392597329417,9.0,10,0,7.717377022931252,1,7,1
10.931297537843108,8.83155054328803,6,0,5.211054613143958,4,7,1
7.548447399026928,7.873146555202924,10,2,6.639185299590009,4,10,0
8.135056409375848,6.660273851725252,5,5,4.986794383448371,4,3,0
5.150503627573086,5.5608411449147805,1,6,4.301341028341184,4,1,0
6.911234550949635,6.4416898358934205,6,2,5.430482743019963,5,3,0
8.221845179419732,8.63312292955628,6,0,5.002469625612736,2,5,0
5.698012845155395,9.0,3,3,5.102392397674437,1,7,0
8.751396036691343,9.0,8,6,8.330654835604323,3,4,1
6.7987226201623905,6.266725867320589,1,3,5.4917930919288915,1,1,0
7.416612500413446,5.320573850066483,1,1,4.67418665544027,1,6,1
6.796586775541206,7.211329370366806,6,4,6.056157548095981,0,2,0
11.704556369017876,4.347340951655722,10,1,6.208455878256815,4,3,2
7.973005550524132,7.484751571277172,1,1,3.6262375408118572,4,4,0
5.884578142088199,6.778596120551997,6,4,5.403187456152313,4,6,0
9.645089824206378,6.300945247197637,1,5,5.322631351802806,0,6,0
5.5583127000579555,4.6079453990998065,6,0,5.655711452583053,2,7,1
8.417727190009511,7.770400159854574,3,3,7.451056746075971,2,5,0
4.080659752240448,6.200948740507133,8,1,6.273343742325765,3,7,1
5.3436279022031385,5.245124746434568,6,4,8.45587469477066,2,2,1
8.393722471738247,3.0,1,2,5.976679288222369,2,1,0
9.476933159990821,6.958727642424045,5,1,9.552174560760129,4,10,1
8.34273656237994,9.0,8,3,5.078449972536694,5,8,0
7.768703435223519,9.0,3,0,4.460875237669752,1,1,0
7.3977926088214225,6.314355615120592,6,1,7.094605349553948,2,2,0
5.042956019265145,6.096681909457329,5,1,8.728163874930035,2,10,0
6.5603115832105825,7.703161384112535,6,5,3.2423933908295473,0,6,0
7.078722458080425,5.502421841217563,10,7,5.60601870357137,3,1,1
10.11424445243783,7.452687849729199,1,4,4.778436109828259,5,10,0
8.687236579136922,8.149120417577036,7,2,6.285702025984159,0,3,0
4.473919689274532,8.840399835826462,9,2,6.02003584699881,4,7,0
8.648167938789591,6.849768885280071,2,6,8.690762495255441,1,8,0
7.229835439167367,6.694489374734551,10,0,5.783190414250433,3,4,1
6.646155999388083,5.683026119865159,5,6,8.749568197940459,0,3,1
9.223352577681736,5.7596794689402095,10,3,5.369799327962628,2,1,2
10.061999044991902,6.66028166214771,4,0,7.852963750210433,2,9,1
9.862560238232398,7.551048260224267,6,1,6.4573260562734385,3,10,1
6.321564953554723,8.370376939349875,6,7,9.45977079736689,2,6,0
7.381575248297571,5.795231573979483,2,1,3.0459702743711436,0,6,1
8.662526862807129,9.0,2,2,3.672284564480351,0,9,0
9.951090254244718,6.593314598436147,4,3,9.663244569316774,2,1,1
7.04165152430942,6.967949058477346,1,4,4.533469813027292,2,6,0
7.628682046672366,5.879182481278265,9,3,4.660393283848277,4,5,1
5.787330051987944,3.363639609590588,7,1,4.248552829000292,1,6,1
5.607586751838658,8.326068094541574,7,4,8.296891913067448,3,8,0
9.625051644788396,8.10526584563865,3,3,3.493084773549751,0,5,0
10.712480057141645,6.57800866432268,3,7,6.044900824555322,3,2,0
7.855979756839332,7.100486075837308,1,7,5.4687563564389245,4,2,0
10.007065795784047,7.773908826556149,3,3,8.07303116700887,0,10,1
8.723272050095268,4.656181214670186,3,4,4.872634675336711,4,5,0
6.709760490789751,6.206420983980558,4,1,6.830545158226548,4,3,0
8.722791211016828,8.19139701943274,4,3,3.6575676532454606,5,10,0
11.076073132931938,5.118565865246126,3,4,10.547882077354402,2,3,1
7.928347921780097,7.440336898249944,10,5,5.520815350692582,5,8,0
11.129287311628012,4.965127293064892,8,7,6.017526969770734,3,7,2
4.0,7.699644973650289,8,5,9.309508717701084,3,1,1
9.643805008750448,6.946537776553774,1,1,4.826654451389581,2,5,1
8.174094136476343,4.577302276141736,7,4,9.334764685877232,5,9,1
7.401985299068265,8.747109031685756,2,5,5.177057651724079,3,4,0
8.183521553071005,5.898112634802926,1,4,7.3433963676425185,5,1,0
4.024862170798214,5.7846213444784285,3,3,4.854636719681403,2,8,0
7.560656224324976,7.300853795846415,4,1,3.287927109710531,0,5,0
8.714225143023492,8.722956024143073,6,5,6.8291887010812315,4,2,0
10.955788089483033,5.476267271532405,10,6,7.279806801967066,4,1,2
6.963459563452705,7.092519774771957,5,3,3.3682285153475227,5,3,0
6.3830127942136246,7.643224750495859,4,7,5.385883362182576,3,9,0
6.996485912830927,8.039658410894717,8,6,8.401517923073813,5,1,1
9.830804235404148,7.2646623329158375,4,6,7.20023790159322,5,4,0
8.657502219319369,6.449458241375017,10,0,5.209569996431899,1,8,1
6.940479592465922,5.758614669026921,2,0,4.804948596731089,4,8,1
9.026534866226712,7.129215824569562,3,1,9.896488650269553,2,10,1
8.194155098696081,5.39179148202159,6,5,3.106135860394284,5,8,0
9.937289981065778,3.0,8,5,5.8816028511827945,1,10,2
6.595893812245295,7.654839706236501,8,5,3.0706062526121114,1,8,0
7.3446757068044635,8.355902261629293,9,4,8.629629289688562,4,4,1
7.215783693735685,3.455601346687242,7,3,5.985752775583326,4,8,0
5.072970103735763,5.485403942935093,2,5,6.35634816953887,4,9,0
8.592240554129152,7.928731391507797,8,3,11.537784619255218,2,7,1
8.522110544359778,9.0,7,1,4.813054648527213,1,2,0
8.010226913284923,7.031190561513112,8,6,9.497151828117067,3,9,1
7.530825733249706,5.907995588156298,3,5,5.218536171183623,2,8,0
5.1692585158991715,6.72565533834274,7,1,5.532975084830203,0,5,0
7.158709354469282,9.0,10,5,11.276350513241198,5,3,1
7.314570966946461,6.031053731313197,9,0,5.677819245476654,4,7,1
6.395445461556762,5.801211990024619,3,2,3.251257191409504,1,2,0
7.677428576667982,6.275884716726951,10,1,6.563837576252625,5,3,1
8.808101713629076,5.570007087611931,6,5,5.654526349665992,2,9,0
11.77237180242106,7.184005473992193,2,7,6.734191683467721,0,4,0
8.349155625663679,9.0,2,2,5.732804413344461,2,4,0
8.515100781445529,7.484618909674044,5,1,10.43108923240953,2,3,0
7.851108168467666,6.621469746810568,5,7,7.113471677671871,3,5,0
4.1624575694019175,6.562283096626684,7,7,3.850070744548364,5,3,0
7.946972249101567,4.655213786955015,2,4,6.249093604047709,3,9,0
8.120460419882052,8.32466466572074,7,7,4.400740351665922,2,3,0
12.926484224970572,6.883244204480797,5,5,5.504572314994093,0,2,0
7.615278070437755,6.729280129614062,6,4,4.179118578866355,1,5,0
8.603094684667225,9.0,8,0,10.214237046412045,1,6,1
7.9305764605895135,7.44812936254853,10,5,4.617230769643557,5,1,0
5.6626439247609355,5.872313424857223,4,6,7.375128703988274,4,6,0
10.285645629030041,6.360463605691685,7,7,5.3530411562467455,4,10,0
9.503866065373549,8.722668563795132,6,0,3.6831736548544196,1,3,1
9.582063894086094,7.1699056158066465,10,2,6.395298605799014,2,4,1
6.181225090410522,4.84258303252395,2,1,6.801383674171413,2,6,1
10.805588621872198,8.378843401862806,8,7,7.117253065509027,3,8,1
5.196297874415438,5.997783871691509,10,3,2.0,5,9,1
9.17371418760054,9.0,9,0,3.5303085726618177,3,6,1
12.380911251619956,8.620072098571972,5,3,7.915109438043769,4,7,0
6.0189273497386235,6.329017156511873,10,7,4.152786074782416,1,5,0
6.867404540794456,8.921524542602668,4,3,6.405888100620222,2,9,0
8.199302730175283,7.101783265791105,6,7,3.483950609542429,1,4,0
6.993048691767601,8.27916051268333,8,1,7.463202204316881,0,10,1
4.898673137867735,7.727099225941712,3,2,7.862539191991148,1,6,0
8.137125949612054,5.73046501751369,10,1,7.463819812344734,0,5,1
5.87539257254779,6.034675251523807,1,5,8.065113624707195,3,1,0
8.947184861270363,8.544941226371742,4,0,9.127800289799065,3,5,0
6.1611515315323935,6.497837001840189,4,3,3.6518517367820507,4,5,0
11.09986881003508,6.394527305137005,1,1,4.422656137697275,1,9,1
6.433493415327526,5.5673161309759704,9,7,7.79508714060759,1,1,1
7.355876967588649,7.635398598390191,3,1,8.260439543674963,0,5,0
9.62703443473934,9.0,5,1,4.651314092856149,3,7,1
5.53827136713209,5.398700628618591,6,0,4.512227869348832,0,6,1
8.45491986920826,7.036329185009137,8,2,4.695573020138989,3,6,0
10.614285508564857,9.0,6,6,2.789810071912108,0,7,0
4.785033530877545,6.880537913131428,3,1,3.457177635651849,3,6,0
8.36926771706461,7.678557694374601,6,0,3.5054147099396933,0,5,0
8.519765588496847,5.40640970777968,1,3,5.411803052388733,3,10,0
9.56364574355462,7.6424606458114726,4,7,6.5416730316679095,5,5,0
5.526098578243836,6.719283602493177,6,5,6.866945663284745,0,9,0
5.359086773831447,8.478594993519794,7,6,4.982875493448638,1,8,0
9.043883131233795,8.781079077347126,10,4,5.032025767438242,4,10,1
8.593969346466372,9.0,3,6,6.247322990302522,5,4,0
8.500985700691754,7.869449759820363,9,7,3.007970885701146,5,4,0
8.692896418993952,7.48869447487325,7,6,7.918881064166178,0,10,0
6.639950556843019,7.291576452366004,1,7,8.570770558028542,4,5,0
8.464507394322007,6.470250560783968,2,0,4.74883872462392,1,3,0
8.586144946597363,7.507725765192537,1,4,5.203127681302442,5,8,0
6.571297163947264,6.556897884791455,9,1,8.48662444969034,1,7,1
11.731549022289514,7.252691464404421,9,1,5.753896818020201,3,5,1
8.947665841823575,8.976396303411939,7,6,7.176490891903259,4,10,0
5.617393005594703,5.490186152080538,10,0,5.815389212398452,2,3,1
9.31310721726766,8.709817841693567,3,4,9.112614776960548,3,5,1
6.050636659545357,8.975672601009798,5,1,6.980159256502992,4,3,0
9.574169207484903,6.822897209513382,4,3,7.095311543838385,0,10,0
10.317191158014808,3.817217651487108,7,2,7.132613077467173,0,5,1
6.358635363296579,6.0882670193583515,9,2,4.889772527344576,1,1,0
9.926752258488644,8.945491819841664,2,1,5.0735217261549295,5,6,1
8.825561853872996,6.965697906551677,8,4,7.53849127911995,2,10,0
9.64412031998898,5.501046651557633,9,5,6.252825658867235,0,4,2
11.793585965307894,6.242837618157674,10,1,3.644777984376454,4,4,1
7.509223767994259,8.260930039756829,10,5,9.74620884924956,5,8,1
6.492527671285021,7.8201003523020685,9,5,7.9561437345942,5,2,0
6.220971140748953,6.641601851245459,10,7,6.075252647690038,4,4,0
6.368379430069123,6.449763382277968,7,7,5.45299803640007,5,2,0
7.845796581171792,6.412362776434267,9,4,6.397351715060165,0,1,0
8.682303949633289,5.616384723252246,9,5,7.035040198314855,4,10,1
8.553381598660039,9.0,3,3,2.0,4,3,0
9.654366498072047,6.51651929618299,4,4,10.224699418971507,1,8,1
8.026003783755813,8.825737781238244,2,1,4.42023138166616,2,6,0
10.907068154314633,9.0,10,6,5.9961887340224855,1,7,1
7.470686333524088,8.497466347221941,3,3,6.069733765558292,2,2,0
13.440338333179238,6.352569530922928,5,0,9.993700437377703,4,6,1
9.251334695530012,7.605595135504914,5,2,5.823752317986611,5,8,0
6.2856848871674345,6.963706590413626,6,1,9.177014588707259,2,8,0
5.858215003877776,5.644447208904808,7,1,6.813454938922228,4,4,1
8.96494483048637,7.486538922582405,7,1,4.0762302755881015,4,6,0
7.553074429348298,5.231440313260296,1,3,6.269414936205609,1,5,0
9.428000988184184,8.781519082692345,2,0,5.762982556570175,1,9,1
8.94647524914709,6.30307405405241,9,6,3.831859030191542,5,8,0
7.854342174686255,7.301739483809259,10,4,6.715445538944484,3,2,0
6.30641256386319,7.424931807319213,2,7,6.044205499699712,0,7,0
4.970305550628271,6.611642539443884,6,0,7.112843410917081,3,7,0
7.106970095865957,7.880040702212912,1,3,6.3867055591966295,3,1,0
9.712797588646945,6.287644515066213,3,1,4.697794205971859,5,1,1
8.428187488260408,8.306945946185866,2,2,7.536667984580629,2,4,0
5.508522442576024,4.981030479629878,3,1,4.751203439492842,5,5,1
8.346361851702364,7.189569369319618,5,4,2.0,5,4,0
8.770634759457673,9.0,10,5,6.257305895908433,4,7,0
6.232285127597734,5.499503013091638,6,2,4.8918525455320205,4,3,0
8.307450211891055,5.983382544212723,9,1,6.7642610087932695,4,7,1
8.116417436892,7.770861774488372,10,6,9.997743471879428,0,8,1
5.714059404338753,7.269372672909397,4,2,10.055479386296117,2,6,0
8.715574720696566,7.525945148910338,7,5,5.669754155556321,2,6,0
9.121569052736469,7.733780695221495,6,7,4.346969657507889,4,8,0
10.166102486350553,7.9520822028426545,2,0,7.169366563835844,3,8,1
10.107604104069805,8.664549762934335,10,3,5.259548816267291,0,7,1
5.244661264085818,7.6147279853927685,8,7,6.783553044693885,3,6,0
6.124349920169754,6.638113518072187,7,1,4.678278475546291,1,6,0
9.03007053441732,8.008860551804098,7,4,6.501384832045504,2,10,0
9.027571901824418,9.0,8,0,4.3760516954130475,2,6,1
9.030095372612095,6.801049380426139,1,7,8.368506832062932,3,8,1
14.0,5.538206042994037,1,1,4.820044618494775,0,1,1
9.141781021386334,8.660621003930459,8,0,7.322205071469938,2,5,1
10.271131280361198,6.819428254069603,4,7,3.470465433628962,3,3,0
9.908003526986406,3.740995680978946,5,4,7.562347713221382,5,8,1
9.302782502611596,8.271132515725633,8,1,4.067231861463599,5,6,1
7.369461510719309,6.197007721069116,5,5,6.522353613949019,0,2,0
9.517938440986535,6.864200076543759,10,5,8.046401946695973,3,7,1
6.454349570924856,7.497970495853522,4,4,5.600034202886441,5,7,0
7.526362786519982,7.2857495196686,6,2,3.9416661785081337,0,5,0
7.029272904341793,8.064177725708559,5,4,6.993625014271843,4,8,0
8.163748278772646,6.346770444145235,7,2,4.318037202026904,0,5,0
12.629317133347017,7.769658697264124,10,1,5.191508801605543,1,1,1
4.265469614816504,6.610679983624125,7,7,6.5309253189914545,4,9,0
9.372520380749027,8.108215721331254,4,2,8.72135207221541,3,4,1
4.774568257620697,7.92305122601958,5,1,6.053106707598937,4,2,0
7.056136268421133,5.596841946933107,3,1,6.045715019690247,4,4,1
10.177901193934732,8.628973174262548,4,6,7.475025787245703,3,9,0
8.128560038190926,6.196054832328928,4,3,6.100743793345994,3,2,0
5.844510444141388,8.212086697421718,3,1,7.271060399665796,5,4,0
6.569392581480064,7.550930970102011,10,2,8.157067092125894,1,2,1
9.35919549786935,9.0,5,3,5.344525699464001,3,5,0
6.539266736565727,6.6648010264422215,5,3,2.0,2,3,0
8.43291717916395,6.4760248058227035,7,1,4.364145812829067,2,10,0
8.091143679807628,6.970870591168401,4,4,8.417364021670606,1,2,0
6.696799304788366,6.545230325748587,4,4,5.9324704372046915,0,9,0
12.28788817865065,8.199912852913075,9,5,5.321739458144202,0,5,1
9.267838044636022,4.575534087345118,6,3,8.333569986406415,2,10,1
4.0,5.419476371280469,4,1,5.797350167540208,3,5,1
8.372908629538856,5.39829561763121,2,6,2.0,1,1,0
6.676427070463224,8.425461387960365,6,4,2.989395877983313,0,6,0
9.704866669592448,9.0,2,6,6.837296041633811,0,7,0
6.414958523134599,6.843326172193793,5,1,5.866218116810547,4,1,0
7.770527117066202,6.746767415214984,6,1,8.909312957658443,2,9,0
9.009974557960915,7.105078244669772,4,7,4.533462632391647,3,8,0
9.731510388340244,8.742817453912286,3,3,5.380998475992411,1,8,0
5.599407185888447,5.608970298714139,7,7,4.23099385387996,0,7,0
7.330997528318103,7.357553474102177,2,6,4.958811644639095,4,5,0
7.050109377678088,8.462796444673645,6,7,2.2161921974927523,2,3,0
6.693341534852577,7.751641254909768,4,5,5.228630671898936,2,9,0
11.530908480562193,7.284372424898115,6,3,5.896262272460196,1,7,0
8.80996342192191,8.501569138850712,4,0,5.727338315068632,0,10,0
5.478232091329909,3.0,4,7,10.299106527465618,1,10,1
9.835723894109552,8.016812979296361,4,6,9.666969154353962,1,8,1
12.244312394025266,6.0188864753088644,9,4,4.498201058077829,5,6,1
10.064930521102294,4.254050654715314,7,4,2.0,4,5,1
4.961260068091973,7.766803899287471,3,4,5.801599294136887,2,8,0
7.031531854267497,9.0,3,2,6.753020276341241,5,3,0
10.533822298373245,6.793827228058462,6,1,4.279031853234329,3,7,1
6.584661068762438,8.429311820804408,6,3,4.378048732148554,2,2,0
8.887638856292456,9.0,4,4,9.165109938625065,2,3,0
9.549268106858673,8.972371680376071,9,0,5.484896857709392,4,2,1
6.146139056843834,9.0,4,4,7.324500371391477,3,5,0
7.8809492878764,8.113191236607838,9,5,4.13938860429111,0,7,0
4.0,7.113150458352389,4,1,5.886119082550414,3,10,0
5.951224717331421,4.597051282154247,2,6,5.327323292730974,0,10,0
7.494863697213679,6.630906267805077,2,1,4.649253522393424,3,1,0
5.504433636070301,5.735130107025713,5,7,8.310600823043385,1,10,1
11.26482260786327,9.0,4,6,3.222245980733972,3,9,0
5.139717244078735,6.736171281351495,7,6,6.600113651022579,5,1,0
7.119911026606032,7.184807210176729,5,7,5.289756689019002,5,1,0
8.261481154572182,7.8272280640607015,6,3,6.829648964071748,4,10,0
10.882546578132231,7.06540366955868,10,7,5.316846735563285,0,8,1
5.128275697641121,9.0,4,2,7.734386123837878,2,6,0
10.32632750430992,6.066025957398322,2,6,4.120594803495696,4,6,0
8.020466122039174,7.2919111828558645,10,6,8.315106383350624,5,9,1
6.036982697904098,5.886294121452927,9,7,5.9423946106511565,5,4,1
8.92420694852654,5.019966233168941,10,3,3.342994941969753,0,8,1
8.39811939114694,6.082346363642072,7,4,7.360430911805647,5,4,0
6.799566245682411,6.944444804427382,4,5,5.602300512964698,5,2,0
8.139604169980037,6.35604666322411,3,0,2.5843241477209116,0,8,0
7.22937280627648,5.961368530189216,10,3,6.66493616751774,5,7,1
8.227034690502496,4.890523804492249,3,2,8.0131914305554,2,4,1
9.324261349042093,6.875341641056957,9,3,8.564271480720262,1,9,1
11.172033632290704,4.742919438953496,5,1,5.243296234800467,4,9,1
5.524369002346302,8.140083945534403,3,4,6.290636110651476,2,8,0
12.266066749312532,7.123659629401755,5,4,6.101072685585823,2,1,0
4.095824400954996,4.8136727508026045,2,6,8.979605263142707,1,7,1
7.6964298099288335,6.536186384425205,4,4,4.379022835253366,4,5,0
9.176634412969154,5.871765391614125,10,4,5.070681095590917,2,7,2
8.561983735470065,7.478761765628771,2,7,4.330559381100388,5,9,0
6.754600960358813,9.0,2,4,3.101698953774226,1,2,0
7.5837554992854495,4.187241295531383,8,4,6.495574362104164,4,4,1
7.013998130682334,7.172539118721126,1,0,9.202596663555175,3,4,0
6.821270486111577,6.7598008066500395,7,2,5.603031082969878,0,2,0
9.69920419404205,8.007010114675698,5,6,4.236206756913731,5,3,0
8.714030971930095,7.319794942356534,8,7,6.373719404464137,1,8,0
6.614180809478691,5.872046002391771,1,4,7.178236357545312,0,9,0
9.799199750866501,6.521419096500073,7,6,5.687273725126856,3,6,0
8.614599041753218,5.805961214794767,5,2,8.807070663908355,2,10,1
9.62572423767792,8.614010707897897,4,7,4.375276211424956,2,2,0
9.259257683847224,7.031967473007914,7,5,5.426060726975274,4,2,0
6.342009978155856,9.0,10,4,6.591975809685924,1,7,0
6.879637919606061,6.909008779278069,2,6,6.785927505235654,1,8,0
9.494587210246523,5.937389849634306,1,3,6.094456184596321,4,8,1
9.22074053086693,4.729428411080759,1,7,3.4431601552857036,0,6,1
7.958196812071704,4.295290485616082,1,7,10.67602280841266,2,10,1
8.234654766617563,4.623796085491765,5,6,5.5280601699078,2,8,0
10.555329791576849,7.400689976517225,10,4,6.220535037169314,1,1,1
6.81685722232834,7.7630875348449,7,1,7.233522186345961,1,9,0
9.094194762340075,4.628213946951799,2,0,4.726989274700941,4,1,1
7.595614695132212,8.342557471114173,10,3,6.113852841741552,3,3,0
7.56463759354556,6.2754084224748405,8,3,4.645619524693411,0,9,0
10.19755370397438,7.220189517978324,4,1,6.831101482948462,5,5,1
9.65083269797606,9.0,3,4,5.447954702888861,3,9,0
9.627019272001277,8.345258973798298,10,7,6.537437054609336,3,9,1
10.610957614308658,6.597204028141252,8,7,3.906925307028797,1,6,1
8.042007683265519,5.663211661877069,2,0,4.342167131987589,1,1,1
9.363905942589927,3.7722768980060426,3,3,3.269718646286396,1,10,1
7.379466486813088,5.92127002113637,3,0,4.578939841347585,3,7,1
8.648332704976884,6.6833046417584585,10,3,2.0,0,6,0
7.739713891264631,5.519230709273224,1,4,5.385799588624346,1,9,0
8.193991929985437,6.803114549361543,6,5,4.931519456074147,2,7,0
9.190314050873827,7.115277824438152,2,3,6.301821927250139,0,4,0
6.363558633533055,6.662716027287882,1,5,6.089215448868579,2,7,0
12.184774551370921,6.02499612876481,2,3,8.51415953696214,0,2,1
5.987965237000596,7.2529820079500915,6,7,11.188620369548222,1,6,0
5.571622774424536,7.662910974354114,4,2,8.27507802630127,5,6,0
10.316221747000135,5.364401383835731,6,4,5.093784821249824,4,2,1
9.583325387925871,9.0,9,1,5.01321850058022,1,4,1
9.24823963410431,6.852117801573607,10,5,7.73732608471143,3,8,1
9.25669101852856,7.028274434417272,10,1,2.6333106108543354,5,8,1
7.975506454306171,8.062321634884835,8,4,5.369594147673042,3,8,0
6.205491257028337,7.349824196895252,1,6,5.523694129912284,0,8,0
8.151609116387453,8.429704950869867,8,1,7.168262969637623,3,1,1
6.645676576975776,7.430686247802736,9,4,7.227732692281561,5,2,0
9.950239466835502,6.0813439380393435,6,7,4.510878919213941,5,4,0
7.705885236995723,7.542255287809152,10,1,5.171254676589632,1,9,1
6.349005606414977,5.2844106890190075,5,5,6.890208509665413,2,3,0
7.357228316694013,7.162839558664785,6,2,4.40215868816247,1,6,0
8.82586290855125,6.950155014033308,6,1,8.412236869548567,0,7,0
6.872550894392051,6.687824714091191,9,5,7.218350466880482,3,8,0
6.355559208867137,6.807193732841604,4,3,6.343019096389686,2,7,0
8.487374422983825,4.1772264317535415,2,4,6.781881196561839,4,3,0
8.489933142217446,6.176912638388558,9,0,5.0662187661184,5,6,1
6.9861136492577405,7.1392673517116725,2,6,4.747417155624762,2,5,0
7.057923388763355,7.239784587996101,10,7,5.150555567722558,2,10,0
8.464099874715272,5.458487288611063,9,0,6.999933384519699,1,4,1
5.103831317005351,8.898561761297051,2,7,6.402029961417307,4,1,0
5.1850724512468895,5.7007377276782485,8,4,5.15457108061458,5,7,1
6.563111557495128,8.454185800790105,9,7,7.499163486615311,0,8,0
7.573105696576306,7.640791542807527,10,2,5.652107155327692,0,2,0
8.621815131196009,6.0306590352342955,9,1,4.613378508821664,2,7,1
10.950712433899104,9.0,10,2,6.508683018597042,2,6,1
9.71531924640404,5.2095447523652805,9,0,3.9739409767543243,3,5,2
7.680122940073145,8.378731260415002,2,6,2.6255525001285975,4,4,0
7.961967584194622,8.500873477064466,4,5,5.989790848869472,5,2,0
5.994941270724382,5.994069686385033,7,6,4.685172412578233,2,10,0
7.96297372801522,9.0,2,4,5.491691294660301,3,6,0
7.422682722159723,6.6249302281015705,1,4,4.0665341637111005,4,5,0
8.64543712067618,7.4330404439197855,3,2,8.41786427940514,5,2,0
6.345538112895354,7.390482758156831,4,5,4.677014512143724,0,10,0
9.038693028482344,6.798536887794178,8,2,5.13600124365838,3,7,1
11.065477826005155,8.216212409739674,6,1,6.755766535166469,4,6,1
7.782479703086285,8.19023308082832,2,3,3.246771403354634,3,9,0
8.803423444197882,4.377202040142729,9,5,3.0989004535025915,2,10,1
9.380287983422225,8.956510364317229,2,3,6.761905671386826,1,5,0
7.197559056228328,4.506262017946488,5,6,5.110104739075661,0,9,0
8.448184963620834,8.548819306512486,4,1,4.197009786211688,2,9,0
8.02518480156359,8.690057705241376,7,7,7.20674634589464,2,1,0
8.195352197097664,5.363550354677203,8,7,4.376156681784014,4,5,1
6.453980432289067,6.383778568068123,5,3,5.450975400902151,3,9,0
8.049020348517885,5.341442997271097,10,0,4.207739064054975,0,7,1
8.9959965824909,6.677618454566897,5,6,6.6068743724996475,2,6,0
10.902287215590084,6.537948573721388,2,3,8.664152385433548,4,6,1
9.918541652170413,8.16949079840401,8,1,2.2779201413357706,0,7,1
12.306364915023114,8.965463119179413,2,3,6.225315377501292,3,1,0
6.465304874223901,9.0,10,4,7.713176883772701,2,4,0
9.744641273441356,6.156747960132547,6,2,5.157044505388454,5,1,0
8.366684011476703,6.686167189383208,8,0,3.7379152514082294,2,6,1
12.379605866435345,4.4748427116685745,6,4,6.841927054254807,2,4,1
6.383403429289697,5.791194900255717,4,4,8.0033070067542,0,1,1
6.320556315638448,8.447277449646187,4,1,7.781044355290938,0,9,0
6.801214709111956,9.0,6,2,6.731818675829655,0,4,0
4.0,5.148476692180116,4,2,6.195827475217284,0,6,0
6.948489956638478,6.1113036112706585,8,5,4.201974889231398,4,7,0
6.481734676892604,6.96039136456161,9,6,7.730489900687884,1,8,0
8.300787572952416,7.42024173822941,1,0,7.619913626705015,4,9,0
8.683511951554319,5.785594720117531,4,6,3.723883362689466,2,9,0
11.752341678431772,7.636091566696135,4,1,6.728959455692983,4,8,1
9.9008476763721,6.289240979393626,2,0,7.3056477510395705,3,10,1
6.846192688675194,6.9783215936825815,6,5,7.764227544151013,5,3,0
6.203170657303284,7.819426372005549,3,3,5.850020761745559,0,2,0
8.983838343013012,7.009633404716407,7,4,4.284864851707712,3,5,0
5.359533585958715,6.345421164210147,5,0,4.99576764027191,5,1,0
11.662917531708707,6.835585294111254,4,6,3.985500283088077,3,3,0
10.358880241442574,6.867455561191997,5,4,5.897878669770035,2,1,0
7.06164869579059,6.444983455176809,8,1,5.506229206862619,0,3,1
4.573730941818245,6.611805905999346,3,6,10.290072841537414,3,4,0
10.707744748330825,9.0,7,3,7.789354284876263,2,7,0
7.770920309494764,7.841379171911858,6,1,7.939096133778194,0,5,0
10.475632623946924,6.556779522956259,1,7,6.942704981655457,1,5,0
4.811144682411266,8.045431606766103,7,3,5.265364706662964,2,1,0
6.801249954092454,6.499270765365985,7,3,5.449220082363852,4,8,0
8.010487399436366,8.759686956379962,1,4,5.632261400366759,0,4,0
8.093961187529484,7.554463288297141,9,1,6.376466545402268,3,10,1
7.099869057041513,6.839046783993656,6,1,6.778339620446896,5,5,0
9.245699864694998,7.671575388715416,2,0,6.001417255361043,3,2,1
5.864759141234812,4.6436857718972515,5,6,5.418803045313734,4,1,0
7.715241029957413,5.309848796635292,4,7,4.811768739024031,4,9,0
8.240591263423799,5.2091124904014166,7,1,3.214702484433493,3,2,1
9.028877668117499,7.21441464214556,8,0,8.566758330093302,5,6,2
9.42322975617778,9.0,1,7,10.411059136530827,0,1,1
5.750715816324261,9.0,5,2,8.398673561856501,2,1,0
4.931771658528755,7.957076652161136,3,2,3.4818687481385076,4,9,0
10.555353643797018,7.751266712416685,1,7,7.5740331392817835,4,4,0
8.664628023959184,4.298413398770892,3,2,8.047552603241632,4,9,1
6.503026926886893,6.185989300398967,6,5,5.193124602757284,5,5,0
11.102303951045046,5.818324372137642,7,1,6.977854479278058,1,7,1
8.231349268585717,6.068728602623326,8,5,5.087393934954761,5,1,0
10.358594368127653,6.747784272122816,4,6,9.05785798962748,0,6,1
8.135036962820218,6.291864133454309,3,1,6.730741844430628,0,8,0
12.121495849763974,4.0310502844363185,5,0,4.165689017257903,0,1,1
11.510681684886409,8.121865384176301,9,5,7.339616196018676,0,9,1
7.502071703041853,5.39088546139029,6,5,8.117561346980494,0,3,1
9.94314190190871,7.3588702961667245,9,6,6.396263302271751,3,1,1
9.290751899170296,9.0,6,5,6.958883383486537,4,1,0
10.737263115064698,5.620923112620365,2,3,5.860493141542404,5,6,1
6.070153078839791,3.204568715880505,5,0,3.731439093707533,3,6,1
9.372102919996879,6.570993667179834,9,2,5.696532483158984,5,1,1
10.116848973699176,8.651439452497856,8,0,7.046079265927116,1,3,1
4.482521027153771,9.0,7,3,5.743946264033524,2,7,0
5.63348297466845,5.155675608321374,1,6,7.601530853479182,4,10,0
4.0,7.745048834854782,4,6,5.215636877604831,1,3,0
7.461186331110884,6.30203431482992,7,1,5.346818345098345,3,3,0
9.435084511591924,6.841077468543796,7,0,7.662239995987809,2,3,1
11.004714104192056,9.0,6,7,6.44370503360609,1,7,0
8.148189560839551,4.745544507407271,8,7,5.176556837688817,5,4,1
11.257231091142584,7.38060949224186,6,6,8.067610752017249,2,4,1
5.239797083570217,7.70153975764815,10,5,4.622528564098944,5,3,0
4.593235121289691,8.62867948740902,3,6,4.546102081965302,1,10,0
7.888904602206763,7.1469747302063436,4,6,2.0,3,9,0
8.768130897878615,7.462075809256153,3,6,4.8920629028451055,5,2,0
7.934610503811814,6.412527148867313,1,6,8.617433357844565,2,4,0
4.0,7.403690411867661,10,7,2.0,1,8,0
7.821759920974423,6.485211586753884,5,7,4.096159719541565,5,6,0
5.391060998990294,7.932357834784076,1,2,6.87813711178034,3,7,0
9.339345097660077,6.445584495934549,1,2,2.0,4,7,0
8.733196492193697,7.56565059085328,2,1,4.978602772980471,3,2,0
6.12024042734529,6.956105779472533,4,6,8.281726431221493,3,4,0
6.972266165326613,8.689075376158252,6,7,10.086051603697978,4,10,0
5.881572956222097,6.922909414617271,8,0,6.580493131334065,3,10,1
7.874641805453656,4.340451297689678,3,3,4.147065963517766,4,6,0
9.910284641002477,8.892882251070988,1,1,4.079742522703435,4,3,1
6.028547907328912,5.641401548706072,3,7,6.289815938661808,5,9,0
9.008093031035688,6.019350492026771,3,0,6.561926642330198,5,4,1
6.939484763255118,6.106508058934762,5,6,9.715857520116497,4,10,0
6.414254335475311,9.0,4,4,7.941609705074406,1,2,0
7.785939280090885,3.796488679031957,4,6,6.1682129757769815,2,6,0
5.929515355161252,9.0,9,2,5.329585493481162,1,1,0
6.8927013893056355,8.584085213599078,7,3,12.0,4,6,0
5.6042442148223035,7.334858371193739,4,7,7.25318959999179,2,10,0
11.929450265832779,6.91765899907557,3,7,4.66249657284491,5,1,0
8.070527103943457,7.428331112286485,6,5,5.550754152817045,2,8,0
6.600548984014829,7.781683642569007,3,3,4.245090519993799,4,5,0
8.427959821468445,7.967823378925085,6,5,2.0,5,6,0
7.77534390061834,7.833406699005173,9,3,6.625301982414645,2,2,0
7.558060800933554,7.134371021882873,6,2,9.56490843311463,2,2,0
9.22833340008685,6.7039923695390105,4,5,2.738885595505392,1,9,0
9.51501542009461,6.773090074519732,5,0,6.110525191758035,2,3,1
6.938997704778945,6.707637579470979,6,5,4.586190441724806,4,6,0
6.84836351871064,8.700655145300598,3,1,7.043005051139705,0,10,0
7.449896605696712,7.890335083421293,8,0,5.655339686550868,0,5,1
4.0,3.0,4,1,3.279890691164798,0,4,1
4.9696178756028955,7.9838511647946415,8,6,4.037792572100528,4,10,0
10.733748534889049,7.292104292078163,10,3,4.339398936031585,0,2,1
11.289935427002568,6.971936865331154,10,0,8.688636415974415,1,8,2
7.501927920887243,6.417222320366672,3,3,8.586518553860301,4,10,0
9.153113926111534,8.68616907997902,10,6,5.377304225774605,5,7,1
8.622500309087073,8.421289693184287,7,4,8.455606866902693,4,2,0
14.0,5.840683498264586,9,7,5.653632321207652,4,6,2
10.239149822869154,7.610578430686803,4,3,5.346674483099626,2,8,0
7.744164817038467,5.542514898188071,8,6,6.1142356811023495,2,7,1
6.088919118799149,4.930572752816604,3,3,6.5696505572472725,2,1,0
4.787107359484855,6.059924163115053,7,6,4.889110414269997,3,5,0
8.406927271734446,8.293590208574138,3,1,6.043731484364446,1,2,0
6.487298509431393,8.42968756806413,7,6,7.574645011293047,4,6,0
5.155492580804651,7.769628130145939,10,5,6.259079278412094,4,7,0
6.706854231514947,8.087643680271995,10,4,6.08556580424864,2,7,0
5.8369039927712105,7.774267430672437,6,3,6.98836042856159,4,3,0
11.37428327014513,6.037777607165571,2,6,7.333412121717219,5,7,0
9.763279513898901,7.647883817010911,3,6,5.874768362774155,4,5,0
7.9840547173667655,8.200614287841523,6,3,5.051637885843703,0,8,0
10.959888277780053,8.131436994720362,4,7,6.37840660694847,5,8,0
8.154736615295237,8.783370057211965,6,4,2.8120725403534013,5,7,0
6.2774315973434724,8.062455770801595,1,4,5.57935600899229,4,6,0
11.046248154539315,7.527172311312374,10,6,2.0,3,2,1
9.077820087369318,8.605225357474641,1,0,2.648416433126999,2,6,1
5.925507691347088,6.96021811112641,3,1,2.3476283011665786,1,9,0
7.619322643832784,5.677188023158424,8,4,8.094703484906102,1,2,1
6.248763493230486,6.755399554084354,8,4,6.02796363193865,0,1,0
5.234400538071328,5.882646032790326,4,2,3.475901953567331,1,5,0
9.852355095063283,5.987232587538427,6,5,6.982132086890713,1,6,1
11.818833280940261,6.783221993926723,8,4,7.977308958733037,2,3,1
5.202864852361717,5.811370118500058,7,1,7.016971112294748,2,8,1
9.125938473381142,6.53805770554144,7,5,5.622579743014827,3,7,0
6.698714861756346,4.159577999569322,4,5,6.464973236838734,0,2,0
7.0257492324706075,7.319940561059408,9,3,7.802993066285465,1,7,0
6.815212151522262,7.001808213043336,10,3,5.061508324674689,3,1,0
6.272018460640368,5.7743670533977145,6,3,6.059733846515651,0,9,0
8.097043255889654,7.988868502648607,3,3,5.485613910787137,5,7,0
6.3380997671779244,8.406355206439837,5,2,2.7731682946950285,1,6,0
8.540913651559677,4.588660203446539,5,4,7.833136361288603,1,2,0
7.899523781101726,5.855912832150679,5,3,10.11454372998802,2,3,1
7.522103906267181,5.846286475319053,8,6,4.25241075751762,4,1,1
6.184872675916804,5.590145348336703,9,0,7.925360469772598,0,10,1
6.846457338863335,8.244212262897623,9,3,4.316012440476799,1,5,0
9.510782451651512,6.709260791840794,6,4,6.265575630154129,0,9,0
9.001834375248762,6.603227738034084,6,3,9.016024547579553,3,6,1
6.044889510402898,3.99420645338987,9,2,4.959122029215778,3,5,1
8.19866461085845,7.95312704531384,4,1,5.970627171216253,4,3,0
9.502774246743577,5.141112407719791,6,1,2.3969940069838467,1,5,1
4.6611894377572565,7.089898945399493,4,4,4.671591312107537,2,8,0
9.08672038475987,7.416065406937287,1,6,2.1874553559985883,1,2,0
6.674752482108307,9.0,7,1,6.858356239749997,0,5,0
9.141197337186318,5.036769401321331,10,7,7.663275117903154,5,6,2
6.473481686914966,3.0,6,1,5.556730226858391,3,10,1
4.390235798670962,7.2757743171305425,9,0,6.571773934513585,0,8,1
4.744915124233675,9.0,7,4,5.348539089499106,4,8,0
8.096169893322765,8.858419529409156,7,6,7.481090731748873,3,5,0
8.519445003442964,7.314489122911938,2,4,6.258923870250397,2,9,0
6.191366749791182,6.262545721551929,9,1,2.0286732883928815,3,4,1
9.277184917554749,8.210683894955965,10,1,7.879961636185641,5,9,1
4.67695987546208,5.539680700443297,9,1,5.220914410833693,1,7,1
7.867840402705367,7.714536654034329,6,5,3.459241057583191,5,6,0
5.577967600475087,7.75820523874994,3,2,5.122132055311994,5,4,0
6.696327784395682,8.59031486124832,1,3,2.1958607029071207,1,2,0
8.094797342632829,9.0,4,7,3.5002213775219135,3,8,0
6.279173269432095,7.5886239507681506,3,2,6.285899220230777,4,6,0
7.230888911540349,6.236554561438751,1,4,6.453423372681132,1,3,0
10.012585618428881,6.961638531712008,3,7,6.612877668510336,1,7,0
6.846216260953702,4.346386142666322,4,0,6.006419735526995,2,10,1
9.671384224130284,5.957930303366412,8,3,4.614269753055977,3,7,2
5.740586290684764,6.386076342830344,9,0,5.891081721078869,1,6,1
9.059608355830566,6.213867403098111,3,6,5.1255851061042295,4,2,0
10.8831372413158,7.228532308050583,6,5,2.748436803849632,0,8,0
4.0,5.766370101426699,10,4,4.455170017978824,3,1,1
6.406209489059046,8.681546000986707,5,5,7.7790824623380495,2,1,0
9.15414425436108,7.000310597377296,6,4,9.176588304109888,5,6,1
7.593909227914015,6.986049518292078,4,0,7.302550088237377,1,5,0
8.742291746742618,6.508157925230623,10,0,9.087395521984828,4,9,1
6.792029626568359,7.232786025788469,6,0,6.170777220269916,3,7,0
8.1731795749458,8.237647397001453,7,4,9.484752169405079,4,2,0
7.688645529215841,5.699304676433649,9,1,10.10897688065716,4,7,2
10.335564123319614,6.012825266387115,10,0,2.533061003927624,5,3,1
8.508841686602427,6.544410956835003,7,5,6.442986614265665,2,1,0
8.675205324150404,4.981193614790177,6,6,6.172860378175084,3,8,0
7.1762460677550655,5.771113210417753,1,3,5.151792368831802,1,3,0
7.024787551855013,6.285668689683011,2,4,6.983831076302773,2,8,0
7.134883624360758,8.311583771069092,1,7,6.082250137283754,1,7,0
8.788904284756594,7.393841993502887,9,5,4.529102159215913,0,2,0
7.158031038359474,7.2903848670513165,10,2,5.9467897899260365,4,1,0
8.579549713792826,8.276346943251959,10,6,8.40918915873678,0,7,1
12.150801597290878,6.793942317400905,9,2,6.3650761937653515,4,1,1
9.742249406863385,7.5856972748933345,7,3,7.253909496512265,5,6,0
7.347952935664318,6.8451673706012555,2,1,5.4458937994418175,2,10,0
10.402427844327889,7.398043524099442,6,0,6.904128020303229,1,10,1
7.183849253956897,6.125862013582627,4,4,3.5815709390336403,5,8,0
4.0,3.341774262585356,1,5,5.000559001160415,1,7,0
5.983827378165191,6.798581256720544,1,7,5.794662782868144,2,4,0
4.258416157948289,9.0,5,0,3.4473281587469247,3,1,0
7.296973031917383,8.389323103362388,2,5,4.339566562215456,0,1,0
8.036836758379103,8.448096226886756,4,4,6.626223537147784,0,4,0
11.352874624550566,8.854196082709327,1,2,6.259663832576065,1,5,0
8.653854747528325,7.132986386442156,4,0,7.612730849315417,1,7,0
7.561798942382271,7.295973561108394,6,3,4.798977963629672,1,4,0
9.658811162366979,6.073522156848474,10,1,6.115204452010483,2,10,1
4.0,6.5258907159594255,4,3,4.656265178232344,3,1,0
8.471229116217131,7.923656724656713,1,1,7.412257098218653,0,10,0
9.541730387773933,8.805826655753224,7,6,8.381492232050494,5,7,1
5.0428275084403165,6.790830586478501,2,5,6.966649654505606,4,2,0
10.287508086413858,6.324716102722883,9,0,8.122388552553165,2,2,2
8.676992814988829,7.0007919382848955,3,0,6.064999725775724,0,8,0
7.169424172198397,7.901810123393672,8,6,7.611187669990352,3,10,0
9.26556373221257,4.834217775799687,8,1,6.1508354852249205,2,10,2
12.541385715608792,3.555728570294143,3,2,3.9501438668284643,5,10,1
8.363732510116991,6.174194725762625,4,4,6.493442777397212,0,5,0
8.496441172600672,5.168931361128762,2,3,4.0094066124189816,2,10,0
7.081278200919511,6.2377897035290335,4,6,10.67825790313782,0,2,0
6.300311261070417,6.778329521773792,9,7,5.331823682449331,0,5,0
9.66067163308849,6.3201273864654794,2,7,7.2900757108979946,3,8,0
6.287832348182265,9.0,3,5,5.975173560948811,4,6,0
8.143132474438785,7.49011714690348,4,6,3.5327731519281884,3,3,0
7.044685106469767,7.450711539416242,5,3,2.202953939870857,0,8,0
8.957959651492784,7.933310716065103,1,3,7.498027910148262,2,9,0
8.667324210573897,5.291750323328847,7,5,9.09868185354212,5,5,1
10.075079888515798,8.558667681130403,10,5,4.530392585579283,3,2,1
6.979967202290506,6.88635357019681,7,0,2.6866149608808194,4,2,0
7.460250129413257,8.00572092586182,9,3,5.34967453515675,0,7,0
6.042472568435385,5.3922141504397665,4,4,4.125765909522533,5,1,0
7.111413479847776,4.669361850975903,6,7,4.699368640275814,3,10,0
8.754600986089704,8.226834487037543,2,4,7.22074739945057,3,2,0
9.513977233290703,7.564614289146275,4,1,5.8990739051943235,3,10,1
6.155669351644749,5.646922668463734,2,6,4.340984882235965,3,4,0
9.73921184021132,5.695505378087958,10,5,7.17700157252239,5,1,2
10.711275717609901,8.688152176622154,5,0,7.333744690151582,2,4,1
8.826869806447402,5.2158821606990085,7,4,5.32588502791075,4,10,0
11.753591625116131,9.0,1,2,6.27583304183612,4,5,0
6.452421601792854,5.649068898028197,10,7,7.041003766153949,0,9,1
5.510690593377166,7.957587888412575,10,0,6.852206261966794,1,1,1
4.442559502191443,6.507072286376523,7,0,6.081228173931065,2,5,0
10.992088622978367,7.904781146623515,10,4,8.865172236450592,0,2,1
9.308731312708115,6.183828996828711,6,2,7.165361626030371,0,9,0
7.8888306581790895,6.755810640891559,6,1,5.098641967004535,3,6,0
8.55993725263964,7.061378763093582,8,4,5.11066186460219,1,2,0
5.7490219054032465,5.496718816327791,8,2,4.8838272997266525,1,3,1
12.891503959233653,8.11123651813019,6,0,7.264241894455623,2,8,1
8.258442363950454,6.230179650292622,3,7,4.754504879996187,1,1,0
8.218789589209786,6.657100126989972,5,2,5.150201821594386,0,3,0
9.451533247797384,5.508475938087232,2,0,8.116044776231625,1,10,2
8.962018463473427,3.1564995118070343,5,6,6.383263924134778,1,1,0
8.447768048558263,6.713458356099746,9,4,8.397065254242374,4,8,1
6.419051089109376,9.0,10,5,7.596119746704684,0,1,0
8.942936714271992,8.176906431847035,1,4,3.6466563418598734,5,5,0
11.764048992950068,6.971109430398408,10,6,5.795733883518597,1,4,1
10.690840092309955,6.605663756187599,5,3,7.979898079937085,1,7,0
11.186373253278795,7.0336988392180695,6,3,3.5556478696979754,3,5,0
6.9775686471376295,7.820678672762815,7,3,6.839421640717353,1,8,0
6.020790359482838,5.228780777036732,9,4,5.921527052602512,1,1,1
7.748426159800704,8.671482542003307,6,1,2.4904225157552258,4,5,0
8.11144982457739,8.073071973161866,5,4,6.239318609037867,0,4,0
10.188383036941897,8.077278588561901,7,7,4.325063967746934,2,3,0
4.615070740570362,7.657713608214591,1,6,3.664696435767148,0,5,0
11.059100638921228,7.029424986540985,5,7,6.018281351645266,3,10,0
7.683984202842021,8.00929185395023,2,6,2.1382941214939866,0,3,0
7.14623786010516,7.887721200612067,4,5,4.651419414830236,1,8,0
5.975791249479665,6.468938933588464,7,2,11.102348505005295,3,3,0
4.690286656268461,6.139597340654649,5,4,7.300444786813887,0,1,0
9.64634116792383,7.15278444289298,6,4,4.237150187665294,3,9,0
8.146635934376807,9.0,2,0,8.808331880200793,2,9,0
5.420078200517892,5.141339386519149,3,6,4.015912878445732,0,6,0
5.409842455872768,4.79871210137134,7,0,4.892609693729055,5,10,1
7.328430601419743,7.247141261854775,2,0,3.7022971801414237,1,1,0
11.338043050578786,7.076331552784027,6,4,6.512159757332041,3,8,0
7.48081729727279,7.260012496555612,5,1,8.737259244194256,5,2,0
4.993714093763788,7.36592979686275,10,2,4.001987534880287,5,9,0
7.508513871828112,6.665196618047792,1,2,2.0,4,8,0
7.454552860504659,9.0,10,7,8.18193334903884,3,3,1
4.0,4.598644032285227,4,6,9.107601002175361,5,5,1
7.8914102669643755,5.757254462829631,2,5,2.009839067170534,4,9,0
7.538130939582644,6.845117859776429,4,6,6.920108682892889,5,1,0
9.392412729626837,4.5352167832687496,1,1,6.453010704230577,1,9,1
11.69791218989069,6.736218393351893,2,1,4.4250493902244905,2,4,1
10.253130059095515,9.0,8,2,3.211288666661534,4,4,1
7.462222618890339,7.031329732443942,6,3,7.983500690893112,2,4,0
5.786948182516659,7.346051358578025,2,0,6.35814106291439,3,10,0
13.14671960649972,5.1097528522411295,6,0,6.508852914853442,1,9,1
8.118436868028976,6.075457887940784,10,2,4.756461294333597,4,6,0
8.027858583825893,6.437205429514094,9,6,4.396181591100085,3,8,0
7.951749825779993,6.523427354865649,7,1,2.0,5,4,0
8.39616952153571,8.922465692505654,9,6,5.543943940430242,0,3,0
7.711279176152115,7.836536591087687,5,5,8.877652758908445,3,1,0
6.852675986239527,5.332813064594452,7,3,4.2194911599026925,2,10,0
6.906282117519216,7.369757167648007,7,2,2.9551706114665204,1,7,0
7.934493459568003,7.747332622745178,3,0,6.871329132914004,1,4,0
6.9131504577324705,8.7102235577819,7,4,7.240159996892673,3,8,0
6.574308434645671,9.0,1,6,4.828188078637648,5,3,0
8.212860455383794,5.477358712258197,9,1,5.302471070600717,0,1,1
7.490045565158289,5.783713733184493,10,4,6.527806234437517,2,5,1
11.007985977165378,5.113633211628075,6,5,5.688901062741347,3,2,1
4.0,6.6489702113395275,5,2,8.000258671507964,3,3,0
10.183013703844924,7.699537561669501,7,6,10.87448515184844,1,6,1
10.492170384995259,8.481001774883653,5,0,2.5816728896190884,2,3,1
4.0,6.886073464536216,10,6,8.45951026111596,0,3,1
7.314624811839303,6.520228715117734,5,3,6.210519402046668,1,6,0
7.257118268008417,7.227636988373111,10,7,8.776401877708322,3,5,1
5.184976610564357,5.747285647554966,7,4,7.448709022531359,1,10,0
6.444366624818249,9.0,10,3,6.1223129198714235,1,9,0
5.7788483090683425,4.588508459322912,7,5,7.520045884882068,4,1,0
11.504540886847245,7.277110868343587,3,0,5.211688457630405,1,3,1
9.871356786294923,9.0,3,4,4.451397155790291,5,3,0
10.543110189988317,7.010199766839997,10,5,7.621726231196698,1,6,1
9.443344128086471,6.7149414474977585,3,3,4.311343102420992,5,8,0
5.741896457565542,6.463831865784359,6,3,7.284745183283135,2,3,0
6.950959467440453,6.729412477356388,6,7,6.061495166174997,1,3,0
8.978749122455836,9.0,3,4,2.0,0,6,0
5.555744382216109,3.6822071330057398,3,0,4.85123509907412,5,8,1
9.425996860344776,9.0,8,3,6.6696763900492435,5,6,1
7.5193492036837295,4.864064271324782,8,2,5.187998672183015,3,10,1
7.250358384900805,6.600021506148378,7,7,2.0,2,3,0
9.421919936406983,6.3561333695520075,10,5,8.641500255652321,1,4,1
8.88852662297208,7.88282990465608,4,4,6.338750102543222,0,1,0
7.278067668361841,4.602813472174379,4,1,6.887478582539611,3,8,1
10.318659606728495,7.693258999122914,3,1,5.053447695643513,2,4,1
5.837873344800205,9.0,5,0,7.062979376293316,5,6,0
9.231871213888528,4.955238993110784,3,2,9.669640289173405,0,3,1
9.186202515936767,7.284559251415594,8,3,4.529854032745284,1,6,1
7.38090712137202,6.007026733305087,7,1,9.334025410714142,4,9,0
8.652266044484236,7.638830809289553,3,0,6.797128131784015,4,9,0
5.497772847229394,7.028721666123628,9,5,4.2611345039262725,2,10,0
9.848054038413801,6.037769636433536,5,7,10.424781275182017,0,3,1
7.630195727114022,7.7318084273066106,9,2,6.783280479777865,3,3,0
6.954553958961921,9.0,7,2,7.352957337546082,0,4,0
10.098018451673779,6.713644312409052,7,6,5.461295790546484,5,7,0
6.591312618914482,8.079636913222274,6,0,4.407346709340965,4,3,0
5.183077407272881,5.0600905631932545,2,0,6.335626489351578,2,10,1
4.8867416529521925,5.565345434772987,9,6,9.162927446966657,1,8,1
9.21201990269128,7.7086094168205666,6,7,5.380680375628622,0,8,0
5.439141295007434,9.0,8,3,5.946497508851723,4,6,0
11.50958836396873,7.53342002317849,1,0,8.91265694395917,3,4,1
4.0,6.530412954215269,5,6,5.399346308391519,2,5,0
11.392912736580076,6.998937108135031,1,3,7.020552622338242,1,2,0
8.422034934405238,5.124388399045424,10,7,7.754701013479394,0,6,1
7.806573776259215,7.90677298953305,8,3,5.606438102246034,3,3,0
6.910161826382101,8.323499593485113,8,4,6.619675186399846,1,6,0
8.798272228704143,6.3218645007503795,1,2,7.322205555362347,5,5,0
7.9247305951503035,6.294936778360748,9,5,5.198169612911746,4,2,0
10.206603764033042,7.398817344478073,2,2,7.631530329979986,5,5,0
8.228455297324079,6.3449203959391065,9,2,4.906027833089122,4,5,0
8.300603522923755,6.900801078061266,1,4,4.649824842079018,3,9,0
7.272775575572288,9.0,10,3,2.945917878359086,5,8,0
7.886108752557865,6.629461448881005,9,3,4.993075312197883,4,7,0
8.615603537784118,6.462489771968166,4,0,4.368994596259558,2,3,0
4.579663214686748,6.028687291547262,9,4,5.198252087490052,3,10,0
5.303629155788574,8.116287957249906,7,0,7.223985263828976,4,4,0
9.48652818804543,6.728163740172845,6,4,2.5486514932497943,0,6,0
8.341730876255884,6.025940442517861,5,0,2.050658210825784,4,3,0
7.632033327294642,8.981956048409518,9,1,4.5018415666974345,5,9,1
8.036867866130786,9.0,2,6,6.922460987173314,2,8,0
8.695163410723342,6.099364651391943,2,2,6.577729894039373,1,6,0
6.920480639381277,4.200190072959076,9,2,4.469875334178148,1,4,1
6.4433905491953745,8.511270534755383,3,7,8.338816464312924,4,7,0
8.391690510195364,5.973055261359994,8,5,4.683180129763318,1,3,1
6.043254444769936,8.185938398744153,9,6,6.924907972254253,4,10,0
8.816505511428943,4.044844273432247,8,3,5.274427344931656,2,8,1
4.594832791524319,8.338896007448964,4,5,4.262447298012688,1,1,0
10.058311274651288,5.183242106078828,1,1,4.789866423770521,5,3,1
8.945194964826086,8.096146178599787,4,7,7.468000769627116,5,5,0
8.51205946862775,7.021409601754651,9,5,6.722050290285511,0,5,0
9.965381967891028,5.569090870905033,2,7,7.936205327553085,4,10,1
11.330948888925153,6.389445530609829,3,2,6.721972165074163,1,2,0
10.028740130036262,8.029477685435051,10,3,2.7776610736515615,5,10,1
4.318251537336709,7.158841679672851,8,1,10.228829668617585,2,8,1
5.4408460665285965,7.876619470708726,6,2,6.750338028116937,2,5,0
6.7503628446086426,9.0,8,6,7.029343108776459,0,7,0
8.052182100421668,4.653637582433423,7,0,5.246324641006879,2,7,1
9.035318040938247,9.0,5,4,8.226356586601415,2,5,1
6.548512373693069,7.156533906284819,9,1,3.813784878799757,1,8,1
8.373533528954157,5.6518239275153075,4,3,7.219658155326986,4,9,0
6.489234135293355,5.004529561391515,6,7,2.0,3,4,0
6.776964394016104,6.71631941383445,2,5,7.354417042700367,2,4,0
5.186677806303555,8.382475167886689,2,6,3.840899176721141,2,8,0
6.153533507778191,6.808676319433698,2,5,6.553989040854251,3,1,0
5.296630788767333,9.0,10,1,8.71468093349235,2,4,1
6.048253494045334,4.823236464922662,7,6,7.645434749000878,1,6,0
10.10728359321568,6.981866578230918,2,3,8.448763340235123,1,4,1
6.101202222336114,5.121409833380321,2,1,8.241696887295618,3,6,1
13.26476412967478,7.545447823937452,9,3,4.951434514180242,5,5,1
8.986635801761778,8.33033108514595,7,5,7.196660347615708,2,9,0
8.369672247389747,6.36885730947842,3,2,2.5501662081163805,5,10,0
6.283284439637573,3.0936792150592987,3,6,4.626127164111498,2,9,0
9.400619758817983,7.298422220194742,7,0,8.785309776568102,4,4,1
6.848724347524453,7.655107827600264,5,2,5.229926395147558,2,4,0
8.244019629290722,7.606442132442546,10,0,2.2639962266585125,1,8,1
13.12016907653759,8.853673287733232,6,5,10.027397834662715,0,10,1
7.8078802005507,5.393419480526427,8,7,7.12450056633944,0,4,1
10.298546652571352,8.020324158175674,9,6,7.528956440611581,0,2,1
6.593647149748225,8.788761268716963,1,2,4.039060930156205,0,2,0
7.930023019006077,4.332118623990224,3,2,6.56811314105974,5,1,0
11.54160127127102,7.479477738878466,7,1,6.51514994177839,5,5,1
6.746065884424465,6.243730253488493,6,4,4.35703028675265,2,6,0
11.624897115993857,6.877715990347531,7,5,5.660360628953683,5,9,0
9.415503870910952,7.5215147253075045,8,3,2.9990645744339646,2,5,1
6.875066448211465,6.2691571538296715,6,5,5.306580934247997,4,6,0
9.264815478111043,5.986437881257582,3,3,7.947692514519638,2,6,1
9.94510889925346,7.051228626232037,2,6,4.50630348201583,0,3,0
9.243619924434393,5.369131091705796,7,3,9.814595672853107,3,4,1
4.859550560219088,5.371262306672222,1,7,3.1278169749298868,3,1,0
6.545725648350263,8.019059924434755,3,0,5.479649300408812,1,4,0
7.504962728896991,5.276808947262015,4,3,4.687140072771749,1,1,0
7.851133141799908,7.999468751363818,1,3,5.639638337254262,2,5,0
9.241344195101355,7.693886939280927,5,1,8.742949564281846,3,8,1
8.355402001866508,4.411289906814105,10,2,4.031089007071806,0,8,1
5.3293112825797975,5.983653021496517,3,5,5.09745893814094,5,5,0
8.760395702011927,8.79116410457106,2,5,7.3090115054462785,0,10,0
9.221171490567647,5.528251703290477,3,6,6.186317559835305,0,2,1
9.119580895862079,6.303393606535918,8,6,6.350349898618006,2,6,1
10.161561451109243,7.693091339877845,6,7,4.069447320800885,2,1,0
9.667844309097807,8.175085763923892,7,3,5.856833056795006,4,7,0
8.918360158456874,6.622691670933256,6,4,8.263156903079047,0,4,0
7.859668577082706,6.103734707962538,6,5,2.7809580338380413,0,5,0
4.678078132968017,9.0,3,6,4.605381698601946,2,6,0
8.859236438265171,9.0,8,3,2.3689167409493272,2,1,0
8.415375374326223,8.468287076172693,7,6,7.073951393887482,4,9,0
8.543157674390747,7.127977213847536,7,7,8.45094109062894,4,10,0
5.446502848359382,5.78760141753861,6,0,5.633180025415914,1,4,1
5.837886919183475,5.7543333901651526,5,0,3.9889599709694057,3,8,1
10.106305706665808,7.783771157898636,10,6,4.0475070970909295,0,5,1
7.92088969228669,7.627597331333026,8,0,5.405885584254515,0,8,1
9.363001394745249,9.0,5,6,5.3982559092169495,4,1,0
8.056636752260923,7.975675138804209,9,3,7.823663557026741,4,8,0
8.059512278991491,4.7453795473602725,9,1,4.662247931113974,1,4,1
9.876567611951995,8.577921426584378,1,4,6.870156676371719,3,2,0
6.967910543565252,5.502909059028381,6,3,5.3890599415042635,1,6,0
8.192241553881967,6.424043092071472,7,1,4.510486089520326,3,2,0
7.075449422589915,7.3753003093775416,3,1,5.339247873318045,5,5,0
7.131007545135369,9.0,7,5,6.67307676374196,0,2,0
7.381655753062721,9.0,7,3,7.829866779763405,1,3,0
8.444267543267426,7.910084588704274,2,3,5.496053625683021,4,6,0
7.042502756673045,6.725205071919418,7,6,3.5921237384044606,1,1,0
10.511512251147042,7.801758472720826,1,1,7.999429606530881,5,6,1
6.210785395560992,8.331483138810754,5,1,4.203661233695771,1,3,0
7.626256711677282,6.518998561664213,9,1,6.521646335355065,0,7,1
7.12053788345165,9.0,7,6,5.950334664592491,5,2,0
10.893955768707466,7.345106138787103,7,5,5.682859815307562,4,6,0
8.39310955302315,7.746614633637091,2,3,5.0260473996239865,4,8,0
10.06368907893727,7.998886378081692,8,1,7.240297560830928,2,1,1
5.028879253926056,7.632379915921684,3,0,2.0,5,9,0
8.534100531738517,8.258410750704417,8,3,8.272941016734075,2,5,1
9.779261591246874,6.074120220179616,3,6,4.174984451211929,2,5,0
8.16456797855085,6.162547369080954,10,5,6.815913819501296,0,5,0
10.130960750130702,5.349768650542458,7,0,6.710051235869858,1,6,1
6.9654230997992554,7.659251845930339,2,6,8.549954764041637,4,2,0
10.81869488037116,8.16840475526817,4,2,6.395498271076138,4,6,0
12.5977962472385,7.686659299227829,6,3,4.341781638731909,1,4,0
7.274322879120682,9.0,9,2,2.7904900241780624,4,8,0
7.1089949571984565,6.99160597175643,5,6,5.302393690254051,1,9,0
10.906768954235401,8.003112483388769,9,6,2.083649142233975,5,9,1
11.159144291461425,5.362448685791028,5,6,4.743028587378489,0,8,1
6.954279945693464,6.419350446288399,10,1,5.414738759339589,0,3,1
7.159626365808285,8.043306636348666,8,5,4.620168043942151,0,10,0
7.436430782278985,8.273653166114716,1,1,6.083547314729825,1,4,0
5.3110989779314455,6.559049578503727,7,5,5.527791978161584,1,1,0
6.1626961070316035,6.892601122212899,4,4,5.344626917342437,3,9,0
5.991718466495865,4.723189379978786,5,1,2.0,4,5,1
6.464404869791743,6.464456198790086,6,2,3.4105896386289016,4,6,0
7.930630225226437,8.33557474527968,5,5,7.285313463709752,3,3,0
8.468429465073042,7.86280752415985,1,1,7.608512545894889,3,10,0
11.101000985628154,7.750998582071815,9,3,2.322446564042009,0,8,1
6.003291918522418,7.07466053077144,2,6,4.3705636375317365,3,7,0
9.968644796953168,7.010594737942265,9,5,8.143930735198254,1,1,1
7.572022311548982,6.0095182907898295,10,5,4.563922373189702,2,10,0
7.901072580695134,8.048242630303802,2,1,5.777018425749776,1,5,0
9.349638984333208,7.631459416584085,9,4,8.883610658031817,3,10,1
5.754555956875403,7.738028271989199,6,1,5.276845377113212,4,9,0
8.764819492368101,6.210947735998629,9,7,4.990561179625768,1,6,0
8.332904416426112,3.7699856201931334,6,2,5.685926618814741,4,8,0
8.984902528016299,8.645729067630544,6,2,9.706821595799656,1,10,0
8.578337287815636,6.281743815987394,2,5,6.8924036725789595,4,1,0
12.91060027982179,5.705836353935319,8,5,6.038163255559536,5,10,2
6.724520031497368,8.04021836787099,3,1,4.9512800886368336,1,7,0
6.938006089996365,6.411981040121305,7,2,7.0776338563622465,4,3,0
6.753718947150471,8.589904576069934,5,2,7.319399539861597,2,9,0
6.8890457616794905,7.9255089243650465,3,4,3.8536429810490604,0,6,0
6.725225745386965,8.025353984800716,1,3,7.373256383892319,1,5,0
10.378033062215103,4.951066433199198,8,4,5.697695426753139,2,8,2
10.84100849597971,8.8179159780796,3,7,6.049597269257213,0,8,0
6.858507412501048,7.391875796850784,2,0,4.231421994023363,1,3,0
6.335288853791543,6.4460842911306955,1,6,5.20003594434218,2,2,0
8.942831112772808,7.215082701013377,4,4,3.939715469554342,2,2,0
6.895553911438057,4.33564715065252,8,7,3.8435636597673986,5,5,1
9.265863635511021,7.612979217221007,3,1,6.75418044085356,2,10,1
8.405846041702599,5.455942737726893,1,3,5.289766869113783,5,7,0
4.968511770005536,4.970994571234698,4,1,3.400724660275168,3,8,1
11.095010402660122,4.716461220673163,9,6,10.354105294976751,4,10,2
11.591755346191043,8.669032562484889,1,7,3.750689921368127,0,8,0
6.7744226190312276,6.056104909460817,2,0,8.184205922038668,4,8,0
7.224596880128032,9.0,9,3,3.0470727167563965,4,10,0
8.57173078144981,6.196297805421553,2,5,6.9130046703355905,5,3,0
8.668913579974049,4.43896306361058,3,2,5.4988792627626175,4,2,0
9.31708854534566,5.325213340077012,7,4,4.74188653728319,2,4,1
12.0204090775327,8.853717430010407,3,7,6.393484647531412,5,1,0
7.646105545011901,6.766152733094999,9,1,6.124519712658665,4,3,1
6.4034055109230925,6.177569055264098,6,0,4.37506963263591,5,9,0
5.241361543970946,7.240027338779181,3,2,4.284522238426,3,7,0
6.538139920116162,7.752674104251318,9,4,2.852171576011198,5,7,0
7.933746054252405,8.67609822385369,1,2,6.611128768714102,1,1,0
11.589115727035576,9.0,10,4,3.492390345799983,2,7,1
6.964777401927657,6.460347031316371,3,7,6.0079499130343645,0,10,0
8.447575903277796,5.010928470876943,1,5,7.184955968241432,1,7,0
7.967154207854496,6.379802258315086,2,3,6.416110063648109,1,4,0
10.376786546896168,7.3904207598743294,8,7,4.553737403965483,1,7,1
13.053864851747242,5.554361610684084,7,2,7.817624822699938,4,8,1
6.938262454159359,5.564273627657435,2,2,5.184057043797494,5,3,0
7.021121114963556,7.5156818223248285,2,2,3.331678481990018,5,10,0
10.088321754138144,6.9270214726443236,9,3,5.432544991093445,4,2,1
9.363782979252623,7.04919549311738,6,0,7.173594755969452,2,7,1
11.693414651472068,5.8622569979498955,5,4,4.651171371179746,4,5,1
9.167856370651927,6.654398928691349,10,7,7.756364829940609,4,5,1
7.281415818425881,5.6136502835975435,6,7,4.459347869564699,4,5,0
9.181309661384619,8.33529761668718,9,5,4.731573612628946,2,7,1
10.217407161165816,8.552874002085629,7,2,3.9078419682934946,2,9,0
9.640964362394728,4.230718206642859,10,6,7.367419073816059,3,8,2
9.014548062214596,5.6057337097113855,10,7,5.893514859821595,3,6,2
10.133349379178307,4.755206117364882,9,3,4.040476104512051,3,7,2
10.338591180891346,6.024964098389653,4,0,5.207579315437793,3,9,1
10.764317982075054,6.874843045314459,2,7,2.0,5,6,0
9.297419775179286,4.825532170452204,8,4,7.555944726933287,1,1,2
7.665763839366291,5.6172102803120305,4,3,5.658506721003385,1,4,0
8.293427372866645,5.494063941877752,9,5,2.0,3,8,1
10.413017933016715,7.310900994098416,4,5,3.0866371173518363,3,7,0
6.366128658025528,7.104016505554376,8,4,5.156811874884793,0,3,0
8.737346617745802,5.91739366999412,9,2,3.371658481790326,1,10,1
7.213322375345278,7.265231308209097,9,5,7.586698647372117,0,3,0
8.057489645869635,6.179979873119102,10,0,6.837145771982309,0,3,1
10.556903725214598,6.59251733451092,4,3,6.719071887035738,4,1,0
8.382198136039806,9.0,1,7,2.0,5,10,0
8.092873096312298,9.0,3,0,4.949083171586212,2,1,0
5.280287718040162,5.050628144608604,9,2,4.604767098781887,1,6,1
9.492507132054442,8.244598626818762,4,0,4.091891091790824,3,1,1
9.29096836228215,8.217094831737388,5,0,5.169649437672576,3,5,1
12.32650944661092,5.277605066871073,7,1,3.7475235858278744,2,4,1
7.384443530093998,8.228166465632292,5,0,6.430441465900436,1,5,0
8.438300655327877,9.0,4,4,7.5331027086755435,3,7,0
8.498767367421511,5.316182790633379,2,3,7.360767476847343,3,6,0
11.15490655952695,5.623745768478605,2,1,5.724177496577039,4,9,1
7.809408935226096,8.526492200265254,4,3,9.998479392667004,0,6,0
8.558043051540679,7.4072429662384724,10,3,8.27995022900102,3,9,1
9.215793019433079,7.827214412859285,10,2,5.796883592654897,5,4,1
8.373218246312716,7.510883824600745,9,2,5.0354555795969675,1,1,0
7.107132770898944,7.586043881392216,8,1,8.676054325563841,5,1,1
8.388179985796615,5.010291807533376,3,5,8.015161365525467,2,10,1
10.147263499719545,8.570976559932173,9,6,3.179145592351541,4,7,1
5.9469694011778795,8.754384988641661,5,2,8.171642638457492,1,3,0
8.265939348293752,6.655913883897958,3,6,5.691252930552142,4,2,0
6.599758370121654,6.934784575279206,5,2,4.278176938813283,0,6,0
10.390093257849685,4.703338746166416,10,2,2.0415882815186737,3,6,2
4.95362619043245,7.771382134026752,4,3,5.462167610604397,1,7,0
6.8821563054568236,7.858086162571216,8,1,5.97554482956015,2,5,1
8.754423750129043,6.906713474501034,5,3,9.174655308220435,0,8,0
11.13104805846868,8.686530039805755,10,7,7.914467615497371,0,7,1
7.868499477854025,6.498884153530089,8,4,4.834226557247931,4,2,0
6.889600946613603,7.8469088888404,9,3,6.778684788439474,0,1,0
11.76231413888118,5.470503491961827,4,6,7.652498845345647,1,9,1
5.1039721991675115,6.964671773688643,7,6,6.171914776034431,4,5,0
4.0,6.738468613145746,2,4,4.825691681937592,0,5,0
8.880028900106664,7.337961883061412,6,0,4.935655087513108,2,10,0
6.995891551294777,6.445709606749962,8,0,6.770946140913904,5,4,1
5.9575343657385735,6.802791106492498,7,4,6.825961131050094,1,2,0
9.416712894598707,8.23907075716226,7,4,5.414090768472911,2,5,0
8.487601427542398,6.344853644142674,8,3,2.0,2,2,0
6.871842738526543,4.590134348891981,7,4,3.418954545417419,4,7,0
5.439391202658211,9.0,5,7,7.239377843224225,3,9,0
9.74491465656029,9.0,7,1,2.0,4,9,1
9.300402355917322,5.0616059573415715,10,0,8.36836203273443,1,6,2
7.801648272441234,8.034561707867791,3,0,8.072314522277008,1,1,0
11.693273992095332,6.245537844172985,5,7,6.082192763866411,4,6,0
5.859830467347695,7.39523082299659,7,5,7.195862068457215,3,5,0
4.948949658150522,7.4413361935202404,9,7,7.057549356717772,4,4,0
6.616183860237511,6.648388299525517,2,7,5.7662537432675744,1,6,0
7.908827967289004,5.824351501620406,4,4,3.25222176482286,3,6,0
8.486678898645383,5.964188421525611,7,2,7.934545950123373,1,6,0
7.5175278842873405,5.6257121267781365,1,2,8.81446002276727,3,2,1
8.704110793028594,5.752266687654333,2,7,3.582818951515316,3,7,0
5.496921151619112,6.899232564925967,9,4,3.177489989660601,4,4,0
10.88752920814652,5.926360016333872,10,1,5.726406190485318,4,9,2
7.835697643214862,8.02307809856893,7,2,4.7475508087271,4,10,0
10.234591663176255,9.0,10,5,6.289898480410918,3,2,1
8.685450692755408,6.129920137944936,7,6,8.415988079720773,3,5,0
8.913506438307568,7.359106750803066,6,4,2.0,1,4,0
9.139534560464408,7.7495276654544005,3,7,9.162543903238308,2,9,1
8.89541712003463,7.708003406378912,10,1,5.1866631162461605,4,4,1
9.285445519735088,7.113932901874131,3,1,7.023557957300988,5,8,1
10.658305060264862,8.114023627539584,2,3,7.237451676208932,1,8,0
8.39304233940294,7.7233734290209854,6,1,7.470682308395592,1,6,0
9.418007515177024,5.143506366509053,4,2,6.123816208059994,0,6,1
7.820528611425546,8.30373409658391,5,7,6.591121203573492,4,8,0
10.880234430898945,8.330936255900113,3,6,6.578044101210806,1,10,0
6.64721539588146,5.855070843732127,6,2,4.739434398441105,0,9,0
11.60188086582163,7.056906753171403,3,4,2.483889617125605,5,5,0
7.919684098711313,8.024993489216603,8,6,3.5616283444696104,5,1,0
5.138449795763904,6.686029270630957,9,4,5.791524041003931,4,1,0
8.256208829821578,8.609467071649018,4,1,4.4263866862072305,3,2,0
6.637896685050238,9.0,9,5,4.43100785522093,0,10,0
9.681287097977448,5.821020951047526,7,0,9.59850209137239,3,10,2
6.694752041395218,4.928433095269337,3,6,7.717789593319746,5,5,0
7.107633133570441,7.455727893407314,7,7,5.495848068180053,5,4,0
4.220918538108938,8.082343757689216,1,3,7.344069891310884,2,1,0
7.095387361501847,6.653700439232846,3,0,5.159462788818199,2,4,0
4.0,9.0,6,1,6.221446868372993,2,4,0
4.832194353028553,4.992091300415127,4,1,6.883257296837832,2,10,1
9.520829312288594,8.039377934547417,7,7,5.164788064456243,1,4,0
9.571600317301664,6.09120876886166,3,0,4.629498904925809,2,1,1
8.85091512356993,9.0,1,3,8.447863636937008,1,9,0
6.066047713741574,9.0,9,6,7.228225934396213,1,3,0
7.90457728771604,5.850015118324978,6,6,2.0,4,4,0
7.992794921818863,6.17566429613713,8,0,4.663728139936779,1,5,1
5.6832706216149145,8.289381830469702,3,4,4.437455000611212,1,7,0
11.006796603534301,6.4193040253157285,8,2,4.757723822375205,2,6,1
9.754724581151343,6.931883173101642,2,5,7.724804577517791,1,5,0
7.558071652340672,7.038082630813615,4,4,6.038411936007383,3,8,0
8.053771677989062,4.120490265703515,3,6,3.220740658288909,2,1,0
8.416765615895105,6.9792433808586445,10,2,5.233570326082768,0,7,0
4.0,5.965408338903739,1,5,7.08347529523238,2,6,0
7.5056452349588065,6.260315766400342,7,5,5.560709968932492,1,5,0
6.636031504004403,9.0,10,5,4.710648097673017,3,7,0
5.996759980210169,5.115239658581116,2,1,6.662438557477056,2,3,1
7.43779941422809,8.219807780121966,4,7,9.236384978878155,3,1,0
11.595373053699046,6.581555604502287,9,5,6.922849665917037,0,9,1
9.28168572253402,6.5803597472562485,6,3,8.601883026063398,5,2,1
6.857642020434406,8.185557844077566,8,0,4.844771564270194,0,10,1
9.145165562712318,7.5100769418533355,2,6,5.983275777751879,5,3,0
10.798710873172004,7.855919495829296,7,3,5.942896030928636,4,8,0
9.849267365825538,8.452276990799291,6,0,6.2373581681353825,5,10,1
8.119260739840348,6.503037425225016,9,4,6.8810392127618325,4,9,0
6.706126444588852,6.081644898238375,7,7,4.162061757890443,2,3,0
9.39644662722718,5.372274210163303,1,4,7.294665371026957,4,6,1
8.7869707708435,5.761884205031567,8,0,2.7442281220895666,3,7,1
9.790386440055464,9.0,10,3,3.3284866749866366,4,1,1
9.270343603363939,8.86701937110518,3,0,10.27125220234646,3,7,1
10.09910543063867,4.973388450687968,2,5,4.979758521042248,5,4,1
6.929529576878864,5.016313064884645,3,1,7.459038701972404,5,5,1
10.634788131268651,7.722799092577738,6,6,9.396580784853912,5,8,1
8.3951992093848,7.820897196066951,3,4,2.0,4,4,0
12.150521745250531,7.8233257529760465,10,6,8.25249236031142,5,4,1
6.621624363820864,6.617566309669453,5,1,7.2978872125185426,4,8,0
11.4719276063305,6.811818609995649,6,5,9.28079456186608,4,5,1
8.395821566925296,7.4918192862390365,8,5,3.6369536766707458,1,6,0
6.697163992771103,7.128839509439995,7,4,8.902509313909226,1,5,0
7.032228331891357,3.671049440878697,8,4,4.521171136794619,4,1,1
7.3593053836113596,6.6553005541372094,3,5,8.109555628553313,3,7,0
8.848331892803833,5.72289034860953,4,2,5.927957928491121,2,6,0
9.045670976071,7.262817128362768,6,6,7.541537612870277,0,2,0
6.852599992122842,9.0,7,7,6.097738366610306,1,7,0
7.951290815478035,7.551222498211457,9,1,2.321196831626542,4,6,1
12.284540717223727,6.529705470741403,1,6,2.0,0,5,0
11.455086340201422,8.382702252965878,8,1,6.419831067966982,1,8,1
8.872647339348065,7.724031830813819,8,2,5.472529924737304,2,5,0
8.0760069563364,7.630141735677762,6,7,6.796441902840588,3,2,0
8.240062653436523,7.910275889823507,4,3,5.495693068312851,4,6,0
9.227035945460834,9.0,3,1,10.03615476543564,2,1,1
5.954414869603189,5.303667347011126,3,6,6.461074255656609,1,5,0
7.48524692515331,7.710448115217182,6,0,5.106104544834669,4,6,0
4.662831852244821,5.610428305027693,8,7,6.674726132693732,0,7,1
8.798446245210558,7.833268969513372,7,5,5.142650406237388,5,2,0
9.294391879405483,5.621970232770859,1,5,6.1858604682279745,3,1,1
7.033627075401252,6.373949779592373,6,2,3.565039625528331,1,6,0
11.147973526580065,6.5573651286431405,7,1,5.982829596280789,3,3,1
5.548468673995318,8.463725079017063,7,3,5.04429520792965,4,5,0
5.07125023958036,8.37768166591362,9,1,3.7545267492626406,5,2,1
8.448903637119944,5.131423935330423,10,5,9.951471736145285,2,1,1
10.094196605224308,7.082401166499773,5,4,3.8325292601196677,3,1,0
11.367855382915737,5.935630217876241,1,0,6.013928446883875,0,4,1
7.0822314742621195,5.112242633986998,2,7,4.394383930102485,1,10,0
10.157361666862592,6.674474424363444,4,2,6.59407894175975,0,2,0
7.922983060998585,6.537275817316271,5,4,3.451229731062165,3,1,0
7.654745400118361,9.0,9,6,7.6807136478711024,5,6,0
9.767319874973344,7.649439738041044,1,3,10.072312372717683,2,4,1
9.30464575682684,4.933573748868644,3,4,4.32092152579866,2,10,1
4.847215686031501,6.152838993743586,5,6,8.433937725362641,0,7,0
10.953080699451792,8.532074943144098,3,4,5.23624131120862,4,6,0
10.760182708294902,9.0,4,3,9.011582242152171,4,5,1
6.748874596980941,4.621025031643063,3,7,10.376997972191983,5,10,1
8.791607066874818,4.1801134222914325,4,4,5.532589976583083,2,2,0
8.988060372565478,9.0,1,2,2.9594678382106965,0,5,0
8.521347531647814,7.5844212660563555,8,5,7.896168774872179,0,9,0
6.8993896923091595,5.69756090218545,4,1,6.448834415888232,0,9,1
6.656753264123897,7.801943629183653,7,4,7.003582335555282,3,2,0
7.9488918580171095,3.0463783914746836,2,2,5.3203099163112695,5,7,0
10.345458038518728,7.005063259895741,2,1,4.231014362678602,4,10,1
9.087200309188864,7.491731759264628,6,7,8.320696361933948,4,4,1
7.258771335827788,8.386405209306744,2,6,6.6395799891120655,3,3,0
9.543397421296689,5.479156071561194,6,1,3.1128859316325492,1,1,1
4.0,7.128530742105038,2,6,7.373750446405787,3,3,0
10.297531400744207,5.611863060910619,4,4,6.972337195933001,5,9,1
4.5205724424438,7.383075633511476,7,2,5.349402151352872,0,9,0
7.275118117193736,5.656980516455464,8,5,9.239626468484644,3,7,1
5.760660210747712,6.387848741259669,3,4,4.763653675305472,0,3,0
5.410637048558188,5.506276907814657,9,6,5.662027003690317,5,3,1
10.32165357475704,7.976704362735486,2,3,7.537296175936396,5,4,0
7.064597597376217,8.287676674984997,8,1,6.153525900661443,2,7,1
8.69300776346143,6.64806914506388,8,4,3.231153691283127,0,7,0
7.906158842241632,7.0573569924400426,4,6,6.367598745986859,4,2,0
8.954081654446243,4.827112878049684,1,7,5.171220416069534,3,5,0
8.153643782120511,6.5504850279898195,1,1,7.713992489832527,5,7,0
5.434015551622861,6.924693074437383,2,7,6.30243668799028,0,7,0
9.99253363889428,9.0,9,6,6.189015306094782,1,6,1
7.012486833677375,5.332049461338754,2,2,3.9034976725618966,2,10,0
4.886836202680498,9.0,2,0,5.539949384171989,1,10,0
7.143769678068175,8.495288160198712,6,7,7.940202188025307,5,8,0
11.00151958126862,7.420954606735204,7,4,4.446927310917258,1,3,0
9.700443484226986,9.0,7,5,5.934899553824572,1,1,0
7.302695731184282,7.558158208910294,9,4,4.127107896701981,2,3,0
7.301484591363143,7.583738793501893,6,1,3.6323147178966617,2,2,0
7.356729897565235,6.920319020473682,8,2,5.830281910021295,2,2,0
12.153495967121682,8.835353323627942,6,6,6.347602329754677,2,2,0
8.763870904463106,8.644703850716326,2,3,9.98772587846519,1,5,0
8.86008329438214,6.061484068755681,1,5,5.089079232307582,4,1,0
10.060566908063684,5.021129208101849,5,2,5.899661464732235,4,10,1
8.477578318053027,6.6955290439065145,9,7,3.4998529640581504,2,4,0
7.481915708358594,5.7999421534035305,8,7,7.224480029813828,3,10,1
7.607300301830043,6.904713138076968,4,4,6.796189558706561,0,5,0
7.856797481171872,8.856157202026209,5,3,8.976789355382856,5,2,0
7.925555526980316,6.314047517369815,5,2,8.223244303017417,3,5,0
9.45525908727396,6.935764928032638,6,0,6.7028133376845656,5,10,1
8.103891771614599,7.087034102212593,3,5,5.059857000822599,3,4,0
9.46528015443116,8.272646323307928,5,1,6.409336875780121,3,8,1
7.838566839782835,3.629665999023092,2,2,5.777973075736478,4,1,0
8.15727038063218,6.089949557852055,10,2,7.90679506647596,0,5,0
4.003598630935785,7.316925538419209,1,0,7.652462979924937,3,10,0
9.832655349404963,8.800118434640291,1,4,5.4071691126904895,2,1,0
8.692976951795986,6.262146328740692,10,6,3.0760124403462443,5,10,0
9.996020219719304,4.185170940937189,7,6,8.66677460044085,4,10,1
4.0,7.929567168949204,2,5,7.16374791364641,5,4,0
12.176749409561456,6.046956416761556,4,5,5.361019858854662,2,8,0
7.720820743689653,5.215500011364458,5,1,7.085746696207342,2,1,1
10.216365633475032,6.063481915430164,7,2,6.149722612500058,3,2,0
5.920188145748938,6.723211963516226,2,3,8.637235852438948,2,1,0
9.22554781012514,6.09288300319268,6,2,2.1404395363899464,0,7,0
5.893168873652687,3.6916509143513965,1,6,5.205618066973135,2,2,0
6.7524620786083895,8.345599295330699,7,1,9.198109030957376,3,1,0
11.828062707733572,8.912312561918084,9,2,7.126396806934625,5,6,1
7.6186351984733065,7.977282987009259,5,0,9.545213336628416,2,6,0
8.434865746359446,5.293471494362775,5,6,3.5563858136730713,4,10,0
9.740135461377509,6.697762699078723,4,2,8.144393431876974,4,2,1
8.99136377594521,6.990218027155813,3,2,8.024448846907665,4,1,0
8.300837810287153,7.898191584342865,9,6,2.636542929342332,5,10,0
8.729922004932451,8.002510733077122,5,3,5.408995420933832,1,3,0
12.80683117047655,5.898739301832256,8,6,5.786941789611833,4,10,2
7.884762405932829,7.1229933346203405,9,0,2.760887942465189,4,5,1
8.402198093429934,7.685920606922862,5,0,5.450795346959122,1,6,0
10.101308792015224,9.0,10,2,7.746366281557211,5,3,1
10.211051865915968,8.056759809737084,9,5,5.21815388095052,4,9,1
10.374060611120761,8.183585031063279,2,3,6.484266311348053,3,5,0
9.27746044405837,7.125739941894041,9,2,6.498740565455304,5,2,1
5.713990174539033,9.0,4,6,5.975713177722468,4,10,0
11.266863064602191,7.614644193939246,6,2,4.589635951949143,4,6,0
5.707309213962624,5.708368134739644,6,1,7.317627949767796,1,8,1
8.605270930478067,9.0,6,1,2.825932476948017,3,6,0
6.491448299961284,8.046854908808541,2,5,6.0171762770163655,5,4,0
7.871723306814015,6.335433968307276,7,3,8.770972681036177,2,6,0
8.65752482060696,6.280760548901135,6,4,5.105253500317569,0,8,0
8.642714430900547,7.4448633177111425,1,7,4.545357556995445,3,8,0
8.84384150847057,7.694777192901377,2,1,7.451032277550755,2,10,0
11.227422538117294,7.295938398446809,7,4,6.326863521174264,3,2,0
8.907068603027959,7.466963010164327,1,0,7.490894564113865,2,8,0
7.511686729418702,9.0,1,1,6.076996971390544,2,6,0
9.928174336576715,8.607314728352328,1,1,2.0,3,2,1
10.37894097784928,7.285953386897536,8,3,8.359826820851397,1,1,1
5.544784369726015,8.411965871151224,4,5,10.14005276495655,3,6,0
9.194800139699716,5.451214144708691,4,4,8.568082013672573,3,7,1
9.402345484621797,7.596890574920213,2,6,2.0,2,10,0
7.404872993280016,9.0,1,1,6.902176425011133,0,5,0
10.75141362662324,6.67293115691144,10,1,5.066508378849908,2,10,1
7.699888825934947,5.728549107071373,9,3,3.831512492776582,4,8,1
8.251152906943085,6.021866667110409,7,3,6.245464323276546,3,9,0
7.65385635143226,5.365550443986417,4,5,5.702105410200558,5,4,0
8.031158095162935,5.822857137808445,6,4,7.017315608559683,3,7,0
5.807449826209597,6.444237852114957,2,0,6.1131603786109086,1,8,0
5.119898234811411,4.8916494712320375,7,6,3.758375786222046,5,6,0
11.189010126449944,7.023427500924405,2,5,4.846796446514058,2,2,0
6.306077303363344,8.35341576067997,10,7,4.524082887349968,1,7,0
6.0172153010873854,5.638365729779619,8,0,2.5670336465111077,3,9,1
4.0,9.0,8,2,3.256710712092233,2,5,0
6.722076504620995,7.766188132791392,1,1,5.577862660229612,2,2,0
5.353820413185003,8.545870878436086,8,4,8.847508150614559,4,4,1
11.284030320272738,6.013248169221795,2,5,4.92888584060241,4,3,0
10.01963417868527,8.281787840599923,6,1,4.4851384504944205,0,4,1
6.623699309644552,5.3620991494070305,1,4,3.637426386654348,4,10,0
12.504871610688618,8.335371251254763,5,4,6.061072989990701,5,7,0
9.963530973983188,7.257759009690297,7,4,8.358518669220253,2,10,1
7.350337232982755,7.8298768299771755,10,1,10.005365532817184,4,8,1
4.0,5.236608091562722,1,5,6.570798753443373,0,1,0
12.581885145181484,5.657395236585093,2,6,6.279987485272869,3,8,1
5.220855066472808,7.895842327380077,7,3,4.913053785492914,5,5,0
4.709202506086216,5.577477993663699,6,1,5.246866757017978,4,7,1
10.045140864019281,7.694809438148685,3,7,7.258350182101406,2,1,0
12.879504812678546,4.949293290309631,10,4,5.370249335873841,3,2,2
10.768545637021036,8.272261319000002,2,5,5.675435105665172,2,1,0
9.12781824010472,5.151215027847236,10,6,5.949305450499152,3,5,2
9.189508683330573,7.8284499065192845,4,2,4.8183437781850476,5,6,0
9.706831117560615,7.938446400469001,3,7,5.850041481844897,2,10,0
9.51785717957353,5.954842272355638,7,0,2.0,4,9,1
8.562382847938752,7.87303985062709,8,7,7.097671766036925,4,8,0
8.208402207903752,7.390663395000334,2,4,10.70354367794411,0,7,0
7.874813744200956,6.1917372157108925,10,2,4.895912769673867,3,5,0
6.492070822266648,5.487167973885688,7,3,6.7476742900033395,0,3,0
7.438649846266452,4.056061462491131,8,6,7.70315264049237,1,9,1
4.614086371609229,7.52447507094954,6,6,8.560430545434922,4,5,0
7.8033207464105,4.652795842956918,6,4,5.4713570225196415,3,3,0
6.022817785698165,7.143016299161962,10,7,2.3933654926225616,5,3,0
5.792821365568458,6.604827675876626,1,7,6.534463901697526,0,3,0
8.359788302306956,8.018714163157293,4,6,6.257257381308854,5,6,0
10.784004572689199,6.546931750765204,1,2,5.308667250647995,5,1,0
9.836633212004626,6.505828320479363,4,4,5.732975754231319,5,4,0
4.8589987927536455,8.097806056432443,2,1,6.287360890035463,0,8,0
6.020743726859325,7.502587043626177,5,5,6.7235239842077,1,3,0
9.881542375976432,7.474233935774167,10,2,6.6396194204798356,0,5,1
6.035025212923381,7.70390138471279,9,5,5.5646286809977425,2,2,0
7.550733700005951,4.696641815189341,10,1,6.768557669971902,4,2,1
9.100104198049104,8.135183019980474,3,1,5.429938303450276,0,7,1
6.063311090272729,7.918703191020404,8,5,7.28405100307064,0,10,0
8.21075101229192,5.474975307135255,3,2,4.745114329046999,1,3,0
5.331949010163591,6.633879289488698,6,5,6.146116384299125,2,5,0
6.797264712097572,6.9410390685585535,4,5,2.7525228357655407,0,3,0
8.639563868285073,6.798254823397401,8,0,5.260179061085705,4,6,1
4.814012532936662,7.500789949852802,6,2,7.134977442259958,4,10,0
8.880949475920797,9.0,8,7,3.932530266583863,0,3,0
7.960724402146638,8.622650091509243,1,7,5.359799047299832,5,8,0
9.104979908834295,5.031671209852891,6,0,2.0,5,2,1
8.447828268129323,7.933104985459073,1,4,3.2638517829360216,2,3,0
10.728280859947688,8.993399979303113,1,6,3.7870508877721965,4,8,0
8.250449005295815,7.580212781033804,8,7,6.203502101543277,5,8,0
7.141188917749494,8.63647063777895,7,5,6.666818024785425,4,1,0
8.244595006064568,9.0,3,4,5.887888868119606,2,8,0
9.086596058072775,8.535564319160471,6,7,5.234813234225244,2,10,0
8.09772014065141,7.373962893462593,9,2,5.241796503302505,5,2,0
8.081183382407765,8.56763271112713,7,5,7.432091498080989,0,7,0
6.59601662438649,7.217331749645337,3,6,6.425639693766106,3,6,0
6.674198164898104,7.035854564927433,6,4,5.332108807389275,1,2,0
5.194789456400613,6.472878646429401,4,7,8.586598990482518,3,5,0
11.499153486373878,9.0,3,7,9.899950081992202,3,7,1
5.512273529217429,5.7723570010869985,9,3,3.5085150995326595,4,8,1
6.614189604408185,9.0,10,7,7.045020140421023,2,3,0
6.563185468861605,7.749796185610557,2,1,12.0,4,1,0
9.789848753888883,4.9010407377970875,1,5,6.560411082100389,5,7,1
7.410100643415944,7.551473939487132,2,6,6.230885272328553,1,5,0
10.495484145347469,3.8499602385225637,7,1,5.888532120212773,5,5,1
6.653018751512263,7.938262025246553,10,0,6.980363034981483,0,7,1
8.557988324447605,8.327847224483486,1,4,7.5097983330997655,1,1,0
6.329305893480486,6.11146606652192,6,7,3.5104662516616347,4,8,0
12.290298255546777,7.185321543933373,7,0,5.9470327434223424,4,10,1
5.624803161940974,9.0,9,6,2.0,5,5,0
8.619641420454055,6.241379943607095,8,5,5.581366766757,4,8,0
9.267553761864196,5.411638619415099,6,1,4.194622812355854,4,10,1
8.827598194902997,9.0,3,1,6.678355158270969,3,10,0
7.629424682244584,9.0,8,4,2.6872389457179486,0,5,0
7.740358600533147,7.005543507771771,7,5,4.97536537908181,3,7,0
8.08762294395822,8.517194553112535,3,7,7.933088501041224,4,10,0
7.705995996743023,9.0,9,3,4.6473336971115,2,3,0
9.92775823358982,5.886273651192424,2,3,2.190128445164228,3,2,1
12.421046003182703,6.272041246948198,3,4,6.515066306257969,4,6,0
6.885016429984333,8.846311769732102,2,5,4.826942013814728,4,5,0
5.260394040841844,9.0,1,4,5.6282291278542065,0,9,0
7.82343590329749,7.844321290261532,4,5,4.540260827074816,5,10,0
13.159418675308636,5.680278469746918,5,6,9.948793488960058,1,4,1
6.392650864060538,9.0,6,6,2.8838545282929733,3,3,0
11.278233610888135,6.203543653282053,5,0,11.666991223788546,3,9,1
11.355401628152881,6.497293328242822,1,7,5.218726938497296,3,8,0
6.892823516584011,7.5135067517344325,3,4,6.366893152436271,4,6,0
9.137966158370551,9.0,1,7,4.850407164791033,0,1,0
11.256793246257075,8.280963964828336,5,5,4.766732880289092,4,10,0
7.241744518025026,7.622298250542865,5,3,4.430340193134734,4,1,0
7.592839279795276,7.694932795177159,6,7,7.202515924087271,5,6,0
6.836638172102712,7.065272002965199,8,5,3.1784006127458877,2,3,0
5.970486538614266,7.837209271777759,10,6,6.728217088485337,0,3,0
6.701444909867986,3.2056598834585452,1,5,2.0,3,6,0
5.552119466475487,6.5550888113953025,4,4,6.547057542283527,1,3,0
8.068166936518452,7.361982902375171,10,0,7.698285211864382,3,10,1
6.460053537882716,5.273478874570739,1,0,3.450961785385261,4,6,1
8.467571823581496,7.57948497671734,9,0,7.357485203437488,0,5,1
4.888208707592746,6.6932931685208175,7,0,6.102770821248643,0,4,0
8.661760464428914,9.0,7,6,9.196852910715679,0,8,0
9.667057923217849,9.0,5,2,4.28958723537782,2,2,0
4.012528714857089,6.301291646322756,7,7,11.63197180744546,3,7,0
8.748113139695144,6.773743432649957,2,4,2.0,2,4,0
10.455337984946585,6.889078651587411,4,1,5.340992398727749,5,2,1
5.580717962617589,6.322510785760566,7,4,2.6028605787541337,1,7,0
11.345144773675408,7.29253747604219,3,2,9.702108353699533,5,1,1
8.83803801873209,5.862576896668615,2,0,5.476598012368327,4,4,1
6.589976288483182,5.304076997593711,10,2,5.656629845261435,2,9,1
7.8884618446845876,7.934066835850403,2,3,6.886476196170426,2,4,0
9.116653825043445,7.944294376332716,1,3,5.990389627345425,5,3,0
8.152010782824822,5.793526360510011,5,7,4.812476887197331,4,10,0
9.077511984892737,8.343033146143899,6,6,3.4867054987419035,0,10,0
6.158652813841267,6.052633406252003,6,4,6.337026804666858,4,2,0
8.338721648072156,7.379747857056972,9,4,6.757667265378957,3,3,0
5.17257100619004,8.230516018918685,4,1,7.390754472803458,5,1,0
7.7775478773026,6.949581152944431,1,6,9.825453700613044,4,10,0
6.19218471707042,7.682111368211702,6,1,2.0,0,8,0
6.528940114820466,6.225355534168642,5,3,5.864565605294591,4,1,0
10.472186350420875,6.705300124857854,10,0,8.383475671642856,2,3,2
10.182620241188538,6.69121085367949,6,2,5.7509551511222705,1,3,0
9.218276241814355,5.8801324801896415,3,1,2.0,2,2,1
5.815374470654842,6.734838755326327,2,5,3.4179208503001584,1,5,0
7.367183100610396,4.67707255170438,6,1,6.657139699354639,4,10,1
10.426195399958367,6.263269379286843,1,0,6.584394589766681,3,3,1
8.28343382727981,6.572686759945494,7,0,7.345039396682042,4,3,0
12.63865907996339,6.61573037125693,7,4,4.437982112903631,0,8,0
8.786635678788743,6.637753831193832,10,2,6.519766469838595,4,4,0
8.384098232980064,6.907353700209806,7,0,4.108273384207351,1,4,0
7.3817670715949975,7.7191622771290955,10,6,6.519915987287382,2,3,0
8.267081809564564,8.311775611198783,1,1,6.106424394207079,3,1,0
7.695060327238912,6.0253521597276,4,1,4.358279959674191,4,8,0
9.416217353377181,5.195198716916283,7,3,9.116367261525374,4,1,1
9.913404633589169,5.436933381635345,9,0,2.588728099675226,2,7,2
6.428021078984101,6.269195618207609,5,5,5.716758033978945,3,5,0
5.337534092884444,6.472118023275236,2,4,4.31418887135138,5,4,0
4.327589253793407,5.845005900703814,7,2,9.668404071712548,4,4,1
9.015982653825088,5.055825003625158,10,5,7.196796015240838,4,8,2
5.793266787652253,6.315818758788717,1,4,4.701379249259221,5,6,0
4.0,7.272139930170957,7,1,5.440569421359255,1,1,0
8.777157209061928,7.892544198753347,6,5,9.722514747961057,1,10,0
12.985999034865582,6.163865420337518,7,4,4.107448736539939,0,8,0
7.987858176920214,6.380503266784849,10,1,2.471103655538883,2,2,1
9.676981548903283,5.609952536729034,3,1,6.582013724927628,3,6,1
8.16365871709513,6.952841244437836,3,1,6.62728073481564,4,9,0
7.8022206936177145,5.727357048713778,7,1,7.33206914677972,4,1,1
9.838152965975537,7.8596917198618,2,6,7.345251521743905,0,6,0
7.419450911622698,4.3212002620988335,1,1,9.541411301467598,4,8,1
8.534784628143806,6.460555491321307,9,3,2.5637250192479284,2,10,0
8.643395612392027,7.451661008787613,9,5,3.594393610709334,0,2,0
6.6638190927139025,7.275751774483757,7,4,7.324406667892375,2,5,0
9.984084699073046,9.0,7,3,3.7887489965711194,0,6,0
7.650080486609182,7.524700036851861,3,6,3.0868240534812728,4,5,0
6.48850968101431,5.493918104736984,10,7,9.731689104570542,0,3,1
9.073019687140807,6.85680362936639,2,7,2.7601157366714255,1,4,0
6.203064036417926,4.335630499800322,7,3,5.297455925778709,3,7,0
8.056362314738257,6.879100376054859,9,0,5.881265097537191,4,4,1
7.981762006711593,5.750415914498862,1,0,8.618273283926555,5,9,1
10.171791131663156,8.373085413340242,4,0,2.2623938834350588,3,10,1
8.949396465759905,6.175689588106698,6,2,6.830950303012498,4,2,0
7.949946082509713,6.82485112630713,7,0,4.219245883479845,3,5,0
9.635532598400575,6.046663237893394,10,4,7.2552224251849005,1,8,1
10.780415098034627,9.0,7,3,4.186384547946282,3,5,0
9.115620612703724,6.518135850823133,10,4,9.144612512371555,0,10,1
8.02070523968676,9.0,2,5,4.1980599631474895,3,8,0
5.376327535299681,8.2212276431774,4,0,2.0,4,8,0
5.869772673849255,7.723100091003079,5,6,4.422301500517397,5,9,0
7.389550591290664,7.553099720976279,1,2,5.47739977886221,5,10,0
6.780975595681434,7.590695947324377,1,5,8.164707746324618,2,6,0
7.626057394029108,4.1084911309815855,10,6,3.4831703388701585,3,4,1
8.113299849794215,6.5816749087738655,3,2,3.5227077457718488,5,3,0
9.059385508713461,8.267736956776481,10,7,7.921155807417969,3,5,1
7.859002443881818,6.926654224788842,3,5,3.249549764075588,5,6,0
8.973003287652404,4.892215229794637,8,7,5.642033117216618,3,3,1
8.12894882962024,6.9213933241337955,9,3,5.682697633061975,4,2,0
4.049066867292257,9.0,1,4,6.4351590726859245,3,7,0
6.121329212362491,8.870337573302079,2,1,4.500303579234799,4,5,0
7.7118248885567695,6.906993985950953,10,4,4.146011226650874,4,9,0
5.580610514317785,8.42717391558713,2,0,6.669788883504585,2,3,0
9.199857459992408,6.450239469447922,4,7,4.208008293660429,5,8,0
11.061501664687395,4.444192619759922,2,6,3.280061619761651,0,6,1
10.437523703394634,5.613301017805668,7,1,8.455599975703372,4,4,2
7.573114258139584,9.0,9,2,6.976190762758365,5,9,0
10.981452273699905,6.589010377256043,7,7,9.53500479153068,1,5,1
8.297334914404223,6.634924030937473,6,3,7.567935302433892,3,10,0
7.325828057763921,6.550242705587679,10,3,3.4637126967370033,1,6,0
6.7731946729181205,9.0,1,7,6.192738480119991,3,9,0
7.395060627023743,9.0,10,7,3.968743490563508,2,7,0
7.223646362917543,9.0,9,7,2.6967808065634324,4,5,0
8.340832444750976,6.761432184399923,5,2,5.105601213860033,0,2,0
8.32114796209973,7.443436733120643,5,0,7.9630657505982425,4,4,0
8.006092040306829,4.725036175868813,6,2,6.549825421575014,3,2,0
8.8738763394927,9.0,9,5,3.218211737482458,0,3,0
10.381292549572683,5.248330673098097,8,6,5.035316849574526,4,10,2
9.899108270882648,7.325163345643944,8,7,5.71426682931604,0,3,1
5.030204063100193,5.354046208550734,8,6,2.6217750920583103,3,4,1
4.0,6.116699759891956,1,0,7.426344730497224,2,6,0
9.868639822478547,5.744106353425449,1,1,5.542529947482496,2,3,1
5.266242603169157,6.088187108986273,8,2,3.218810278135885,4,10,0
7.550469196214633,6.191315945276532,5,0,3.1056528125178646,1,1,0
5.6597739478812805,6.177596807612384,9,6,8.201327889843222,3,1,1
4.396039124839961,8.250000867670462,2,1,5.2383739357085615,4,9,0
9.082925456409576,5.34270581040622,9,2,8.380704057912823,4,9,2
9.518310320605293,7.3308121405208,8,3,9.14431095980543,2,5,1
6.846979198546562,8.826938728458337,9,2,8.044896545711849,0,9,1
4.0,6.230205453229906,4,4,4.933136506765019,3,7,0
6.907511103495034,5.9231216638785975,1,2,2.0,0,9,0
8.783608010805093,6.654213062229624,1,4,6.625992609069657,5,7,0
5.0421768624517425,8.769587812541065,5,1,10.183152739557096,5,9,0
8.36671983955831,7.291161446430037,2,2,5.9292198436523496,3,2,0
7.969380301654009,6.203178558088602,8,1,2.020368962401706,1,8,1
9.158582999202176,7.725814976782059,10,1,4.650243007139765,5,7,1
8.239160736828307,5.346561775245365,5,6,5.63253345046639,2,6,0
6.053862118236889,8.022039265664421,5,0,3.8040228651604053,1,5,0
10.393143003328984,7.612910961552651,2,1,2.0,4,4,1
7.68294085394606,6.538287293291674,7,1,5.80429845956975,5,7,0
7.945390920980136,5.742121302329154,8,6,4.430247507284747,2,3,1
6.133464081853608,5.669978616574814,10,6,9.54538332179983,4,8,1
7.11343549761698,7.802226004518865,1,2,6.202066975965592,1,2,0
6.230394571946198,8.843470753733593,2,6,6.939157793796784,3,1,0
7.654107880153154,6.044038379456808,10,2,5.761827713007881,4,2,0
11.423416960284687,7.687580055327226,4,3,6.187466606347707,0,9,0
5.256197714137287,3.8694594720968967,5,6,2.695401423275713,3,5,0
4.772877204246518,6.1230734040142005,2,0,3.9196673895574214,3,8,0
10.942340654987216,6.953411600693647,1,1,8.177229402638705,1,3,1
7.581352645696268,5.635474874527249,9,0,6.418923939460393,1,7,1
6.661854522680167,5.595240437815606,1,4,5.202986164234972,2,2,0
10.079809374792152,5.99833066529667,4,7,6.972342482931748,2,8,1
6.788768920526271,7.43828909248956,2,6,7.011723819681187,0,7,0
11.652019427093872,6.719006472390438,4,1,9.981789265888414,3,5,1
9.355851742678539,3.642653150012542,8,0,6.326132687771155,0,4,2
7.024177183708595,3.818949771047401,8,6,3.8749848489793983,0,1,1
12.314616426531007,6.089702233214237,9,6,5.768607034168665,1,5,1
6.788570153993323,7.686529879080328,5,7,7.2151312542427535,0,9,0
9.484190744018614,3.0,7,3,7.991318022857405,0,10,1
8.598585160812984,6.250404735772554,3,3,2.7699362557442413,4,4,0
10.603482578797596,6.210628215223869,10,1,6.507413438983626,2,9,1
11.123022393453706,9.0,4,4,4.205490145003767,2,2,0
8.064008298131533,6.422467282430705,10,3,4.866736150761115,3,4,0
6.493164259307633,7.574483477111393,9,7,7.691679248486784,2,9,0
8.919944285878232,7.211885710131195,10,3,7.4924970788637975,5,4,0
6.644569260495787,3.804150280289199,10,4,4.643695077604882,3,5,1
12.026774495053246,8.152310824947605,1,0,5.684315957919834,4,8,1
8.273070662165475,7.323094758184432,2,3,4.927836409758293,2,1,0
7.269356897375783,7.762402959511885,5,7,11.783405979913535,4,1,0
8.369360611729817,9.0,3,2,6.556716332890725,2,9,0
5.305747420940607,3.8738305907521173,2,7,4.32103681745442,2,9,0
6.056771922978697,9.0,1,5,8.644334292442252,4,4,0
10.400827815888851,6.568828720899466,10,5,8.714922731366599,0,2,1
6.686211442057209,7.430993356604514,3,3,9.583341421047068,0,9,0
5.90617803463612,6.931731632048137,1,0,10.175987365020188,0,4,0
9.073305505054572,6.363645499902935,1,6,7.415429765732258,5,6,0
10.371408309325993,6.145250607641862,1,0,5.300296512443744,0,1,1
9.437906621330134,7.494263103359514,8,7,5.594766464791361,2,9,1
9.992095371611633,4.724239454992482,3,1,5.415849396786914,1,5,1
6.486409822861079,8.125868751282649,1,2,5.192489265641947,4,3,0
5.1563786665163125,6.375708392672119,7,0,8.479873614577182,1,4,0
11.002667303910973,5.304895991439463,10,4,6.001441813871952,5,1,2
7.354640322315729,6.32498071300628,3,7,7.942843729632412,1,9,0
7.498333967089906,8.885723825293859,8,2,7.35303310956198,3,8,0
10.656388283698115,6.196997369475666,4,5,3.8026900737558327,0,4,0
9.11246001880132,7.53768042731443,4,7,2.5656466602754326,5,2,0
8.911775544163214,5.90356558642679,5,2,3.52667406662987,2,9,0
12.330004689802168,8.136882774885429,6,4,5.1465872645384225,0,4,0
6.7129635392397144,8.028261608185307,7,3,6.26865620053575,0,9,0
9.855680256162474,9.0,4,4,4.703399345311231,1,10,0
8.114026249794168,6.736654081751177,8,4,7.406130293482203,3,3,0
8.537184557726514,8.00298220713686,6,3,4.944629611166081,0,7,0
11.056936852825064,7.147101309308417,1,3,6.513914876367889,4,7,0
9.015671512579248,8.943807672794522,1,3,6.235163361323773,4,10,0
9.076592158099267,5.921751418586904,9,3,9.468866183574773,0,4,2
10.145014674619604,8.117507969315922,10,3,4.049518149799455,1,2,1
7.270094540914229,6.7079540558249775,6,4,10.416838182309409,1,9,0
6.321580665321987,6.9037177343372536,10,1,4.811300294520791,2,4,1
5.910381611957932,7.137628726672559,8,1,3.319886219278381,5,8,1
4.067286821247997,7.378360594640016,7,7,5.5661700191469246,5,2,0
12.112414259880644,6.825656435317063,6,0,12.0,5,8,1
5.793583268556634,7.322069774755789,4,1,7.79041047003725,3,10,0
7.557492752828456,9.0,7,5,7.205928206882524,1,5,0
7.446373400222159,8.478174528422828,9,1,7.590373723283041,2,7,1
8.614813395618201,8.303731888745345,10,4,4.4608130709953855,4,7,0
9.631474425078594,6.316690710964194,10,3,6.652088752731719,5,9,1
9.72094697671949,5.666138757657514,7,7,6.005004600634245,4,3,1
6.833845122862123,8.432950837356628,1,3,9.61813349728882,4,10,0
7.665756572427177,8.314070188794691,10,6,5.782624566826695,0,4,0
8.5651599009766,9.0,9,6,5.243446910845183,3,10,0
7.502617747632906,6.094029061046156,4,6,3.670401205261755,2,4,0
11.214691152039986,6.655677016959479,3,4,6.2800289737512305,3,10,0
8.981949903276503,4.540773756211848,4,5,6.58590366703767,0,5,0
9.469755572099634,6.41129334090869,4,1,3.5968236237189646,2,6,1
9.325762537334825,8.49485576586917,10,4,6.9063272081211515,2,3,1
10.34694771497065,6.300256931157703,2,0,6.466359047589717,1,4,1
8.362043117407413,7.960719692801236,1,7,8.026891519767528,3,3,0
5.406336104088307,6.7142453410032825,10,3,8.424736235803806,3,2,1
8.799375903505283,7.486085542332341,1,6,6.188558587228559,1,10,0
6.697286212416342,5.278462915276499,8,2,3.927270231735809,4,9,1
6.942766636500487,7.127814174450852,2,0,4.33875683891071,0,1,0
9.172728037510186,3.0,10,6,9.524255326158181,3,2,2
10.476566142867272,6.719655762757022,5,5,6.330978786245121,1,8,0
8.042543153472124,4.55429013442729,4,0,9.492307559102114,2,7,1
8.617666025197927,8.808991774820225,8,4,6.99720963697446,5,1,0
11.404429889270476,8.166111029146768,2,1,7.507471274356897,1,5,1
8.481506358977137,7.700006472949122,10,3,7.877447232476318,5,10,0
13.203366228360789,9.0,9,7,3.5537223711811534,4,6,1
9.131019291263089,5.576625218762744,7,5,6.613901500225053,0,5,1
4.478474481688364,9.0,7,5,3.526002197275875,5,4,0
9.506683242209064,8.398287346390577,1,2,5.43017530424507,4,1,0
8.762316769765555,6.645167069171581,2,0,7.280339272246101,5,7,0
10.579505508165491,8.703430220774417,4,2,3.9493322189350946,2,9,0
9.346362702539917,5.340559731382548,4,1,7.118674649055344,2,6,1
7.723088032032452,5.7632287577084895,3,6,3.0032620290683285,2,3,0
5.551403527421268,6.087115415140449,7,1,8.286639647923138,2,10,0
7.58195348542795,6.206533437903977,8,6,4.671125635789305,1,4,0
6.2989590915814,5.415163535859621,2,2,3.9457651515624326,2,10,0
6.838953100390555,8.834624600642988,4,3,3.1292881680178386,2,5,0
9.17715680884122,6.611718399445253,3,1,4.841292334324683,1,1,1
11.339809008702812,7.528757452535319,2,2,2.184776386086401,2,5,0
8.789343059645962,6.1444729503794795,6,0,4.903201721783341,4,1,0
5.608233875929631,4.269095049177224,4,2,8.198974050666163,4,9,1
8.88920533644028,7.405086037587133,6,2,5.622576800520332,3,7,0
10.393262973291302,4.131617536870335,2,4,3.6449627681867183,4,3,1
6.780434191361236,6.897048930871797,4,1,6.452526633137617,0,9,0
7.7319656666541645,4.947527441750784,6,7,6.275791551749814,0,2,0
8.029376389458394,9.0,5,3,9.913219925171433,0,7,0
6.4302033738355195,8.367044083262083,3,3,7.581442037080812,1,9,0
9.296560867687718,7.1586306869072205,8,4,6.61119625434569,4,6,1
7.758103702784437,8.895560016482003,7,6,7.810133096719095,0,10,0
8.839064887814056,5.730526033801397,3,5,5.731237863639875,3,5,0
6.2250156443958,7.815219068005139,6,6,5.849173638187601,1,7,0
7.125083399353179,7.2997156505780705,4,3,9.317880606863131,3,6,0
9.444762715655543,7.396030122000505,5,2,2.728841946367504,4,5,0
7.254333695816466,8.908530250160151,5,4,7.935891026281879,2,2,0
11.45392770246681,8.098738154169704,7,0,5.778417048624449,3,8,1
7.200727628770795,7.433085494237535,5,1,5.417021157493296,2,7,0
8.449369451503772,4.517668845657556,3,1,4.894208132612574,1,6,1
9.86518166374618,5.559930557080804,10,7,6.307348041128376,3,5,2
5.163268534133937,6.815936599606414,5,1,5.912941066990667,3,5,0
4.478382376038448,7.1400585614149765,7,2,5.170595226546066,5,9,0
4.94868737085981,5.3046944129891145,5,0,4.594684509766698,1,1,1
10.525168206854364,9.0,5,4,2.1893390950981293,1,9,0
6.8962837082151065,9.0,9,4,4.5523925112966594,0,6,0
13.116398571336504,7.903177480588726,3,1,4.9754097074780566,4,4,1
6.871504802685223,7.108055291925617,6,0,6.302462144333684,3,10,0
8.369102606394074,6.681686545148272,1,0,9.926171769363009,3,7,0
11.08421990513575,5.572122309966646,10,0,4.768087612973162,1,9,2
12.012185776318246,7.1162207777782935,5,3,3.95253829250566,1,5,0
12.123007153272795,7.386628810214126,8,3,4.571007817393804,4,5,1
10.416732461186285,5.1373591367775635,5,1,6.30668953520423,1,8,1
10.048125051622925,7.501264625867346,9,0,7.177270919592545,2,7,1
9.185053898402366,6.7671114267628765,6,5,7.456690426139086,2,8,0
